-- MySQL dump 10.14  Distrib 5.5.68-MariaDB, for Linux (x86_64)
--
-- Host: localhost    Database: pav_Laravel
-- ------------------------------------------------------
-- Server version	5.5.68-MariaDB

/*!40101 SET @OLD_CHARACTER_SET_CLIENT=@@CHARACTER_SET_CLIENT */;
/*!40101 SET @OLD_CHARACTER_SET_RESULTS=@@CHARACTER_SET_RESULTS */;
/*!40101 SET @OLD_COLLATION_CONNECTION=@@COLLATION_CONNECTION */;
/*!40101 SET NAMES utf8 */;
/*!40103 SET @OLD_TIME_ZONE=@@TIME_ZONE */;
/*!40103 SET TIME_ZONE='+00:00' */;
/*!40014 SET @OLD_UNIQUE_CHECKS=@@UNIQUE_CHECKS, UNIQUE_CHECKS=0 */;
/*!40014 SET @OLD_FOREIGN_KEY_CHECKS=@@FOREIGN_KEY_CHECKS, FOREIGN_KEY_CHECKS=0 */;
/*!40101 SET @OLD_SQL_MODE=@@SQL_MODE, SQL_MODE='NO_AUTO_VALUE_ON_ZERO' */;
/*!40111 SET @OLD_SQL_NOTES=@@SQL_NOTES, SQL_NOTES=0 */;

--
-- Current Database: `pav_Laravel`
--


--
-- Table structure for table `aplication_article`
--

DROP TABLE IF EXISTS `aplication_article`;
/*!40101 SET @saved_cs_client     = @@character_set_client */;
/*!40101 SET character_set_client = utf8 */;
CREATE TABLE `aplication_article` (
  `id` int(10) unsigned NOT NULL AUTO_INCREMENT,
  `article_id` int(10) unsigned NOT NULL,
  `aplication_id` int(10) unsigned NOT NULL,
  `img_path` varchar(191) COLLATE utf8mb4_unicode_ci DEFAULT NULL,
  `description` longtext COLLATE utf8mb4_unicode_ci,
  `created_at` timestamp NULL DEFAULT NULL,
  `updated_at` timestamp NULL DEFAULT NULL,
  PRIMARY KEY (`id`) USING BTREE,
  KEY `aplication_article_article_id_foreign` (`article_id`) USING BTREE,
  KEY `aplication_article_aplication_id_foreign` (`aplication_id`) USING BTREE,
  CONSTRAINT `aplication_article_aplication_id_foreign` FOREIGN KEY (`aplication_id`) REFERENCES `aplications` (`id`) ON DELETE CASCADE,
  CONSTRAINT `aplication_article_article_id_foreign` FOREIGN KEY (`article_id`) REFERENCES `articles` (`id`) ON DELETE CASCADE
) ENGINE=InnoDB AUTO_INCREMENT=68 DEFAULT CHARSET=utf8mb4 COLLATE=utf8mb4_unicode_ci ROW_FORMAT=DYNAMIC;
/*!40101 SET character_set_client = @saved_cs_client */;

--
-- Dumping data for table `aplication_article`
--

LOCK TABLES `aplication_article` WRITE;
/*!40000 ALTER TABLE `aplication_article` DISABLE KEYS */;
INSERT INTO `aplication_article` VALUES (1,122,2,NULL,NULL,'2020-09-27 00:07:23','2020-09-27 00:07:23'),(2,4,2,NULL,NULL,'2020-09-27 00:23:28','2020-09-27 00:23:28'),(3,106,2,NULL,NULL,'2020-09-27 10:50:30','2020-09-27 10:50:30'),(4,7,2,NULL,NULL,'2020-09-27 10:51:49','2020-09-27 10:51:49'),(5,108,2,NULL,NULL,'2020-09-27 10:52:39','2020-09-27 10:52:39'),(6,136,2,NULL,NULL,'2020-09-27 10:53:40','2020-09-27 10:53:40'),(7,129,2,NULL,NULL,'2020-09-27 10:54:23','2020-09-27 10:54:23'),(8,97,2,NULL,NULL,'2020-09-27 10:54:36','2020-09-27 10:54:36'),(9,102,2,NULL,NULL,'2020-09-27 10:54:44','2020-09-27 10:54:44'),(10,124,3,NULL,NULL,'2020-09-27 10:56:08','2020-09-27 10:56:08'),(11,24,3,NULL,NULL,'2020-09-27 10:56:37','2020-09-27 10:56:37'),(12,26,3,NULL,NULL,'2020-09-27 11:00:36','2020-09-27 11:00:36'),(13,29,3,NULL,NULL,'2020-09-27 11:00:56','2020-09-27 11:00:56'),(14,28,3,NULL,NULL,'2020-09-27 11:01:04','2020-09-27 11:01:04'),(15,31,3,NULL,NULL,'2020-09-27 11:01:14','2020-09-27 11:01:14'),(16,30,3,NULL,NULL,'2020-09-27 11:01:29','2020-09-27 11:01:29'),(17,122,3,NULL,NULL,'2020-09-27 11:01:38','2020-09-27 11:01:38'),(18,81,3,NULL,NULL,'2020-09-27 11:02:00','2020-09-27 11:02:00'),(19,27,3,NULL,NULL,'2020-09-27 11:02:14','2020-09-27 11:02:14'),(20,124,4,NULL,NULL,'2020-09-27 11:18:45','2020-09-27 11:18:45'),(21,24,4,NULL,NULL,'2020-09-27 11:19:03','2020-09-27 11:19:03'),(22,21,4,NULL,NULL,'2020-09-27 11:19:37','2020-09-27 11:19:37'),(23,6,4,NULL,NULL,'2020-09-27 11:19:46','2020-09-27 11:19:46'),(24,129,4,NULL,NULL,'2020-09-27 11:19:58','2020-09-27 11:19:58'),(25,96,4,NULL,NULL,'2020-09-27 11:20:41','2020-09-27 11:20:41'),(26,26,4,NULL,NULL,'2020-09-27 11:21:18','2020-09-27 11:21:18'),(27,81,4,NULL,NULL,'2020-09-27 11:21:36','2020-09-27 11:21:36'),(28,47,5,NULL,NULL,'2020-09-27 11:22:34','2020-09-27 11:22:34'),(29,50,5,NULL,NULL,'2020-09-27 11:22:50','2020-09-27 11:22:50'),(30,49,5,NULL,NULL,'2020-09-27 11:23:04','2020-09-27 11:23:04'),(31,60,5,NULL,NULL,'2020-09-27 11:23:46','2020-09-27 11:23:46'),(32,57,5,NULL,NULL,'2020-09-27 11:24:08','2020-09-27 11:24:08'),(33,129,5,NULL,NULL,'2020-09-27 11:24:21','2020-09-27 11:24:21'),(34,62,5,NULL,NULL,'2020-09-27 11:27:53','2020-09-27 11:27:53'),(35,64,5,NULL,NULL,'2020-09-27 11:28:16','2020-09-27 11:28:16'),(36,70,5,NULL,NULL,'2020-09-27 11:28:33','2020-09-27 11:28:33'),(37,32,5,NULL,NULL,'2020-09-27 11:29:54','2020-09-27 11:29:54'),(38,26,5,NULL,NULL,'2020-09-27 11:30:07','2020-09-27 11:30:07'),(39,96,5,NULL,NULL,'2020-09-27 11:30:33','2020-09-27 11:30:33'),(40,42,5,NULL,NULL,'2020-09-27 11:31:00','2020-09-27 11:31:00'),(41,41,5,NULL,NULL,'2020-09-27 11:31:21','2020-09-27 11:31:21'),(42,21,5,NULL,NULL,'2020-09-27 11:31:35','2020-09-27 11:31:35'),(43,50,6,NULL,NULL,'2020-09-27 11:44:22','2020-09-27 11:44:22'),(44,49,6,NULL,NULL,'2020-09-27 11:44:37','2020-09-27 11:44:37'),(45,52,6,NULL,NULL,'2020-09-27 11:44:58','2020-09-27 11:44:58'),(46,60,6,NULL,NULL,'2020-09-27 11:45:37','2020-09-27 11:45:37'),(47,129,6,NULL,NULL,'2020-09-27 11:45:58','2020-09-27 11:45:58'),(48,62,6,NULL,NULL,'2020-09-27 11:46:12','2020-09-27 11:46:12'),(49,64,6,NULL,NULL,'2020-09-27 11:46:25','2020-09-27 11:46:25'),(50,70,6,NULL,NULL,'2020-09-27 11:46:40','2020-09-27 11:46:40'),(51,42,6,NULL,NULL,'2020-09-27 11:46:55','2020-09-27 11:46:55'),(52,32,6,NULL,NULL,'2020-09-27 11:47:14','2020-09-27 11:47:14'),(53,39,6,NULL,NULL,'2020-09-27 11:47:36','2020-09-27 11:47:36'),(54,26,6,NULL,NULL,'2020-09-27 11:47:47','2020-09-27 11:47:47'),(55,43,6,NULL,NULL,'2020-09-27 11:48:16','2020-09-27 11:48:16'),(56,125,7,NULL,NULL,'2020-09-27 11:48:43','2020-09-27 11:48:43'),(57,105,7,NULL,NULL,'2020-09-27 11:48:55','2020-09-27 11:48:55'),(58,24,7,NULL,NULL,'2020-09-27 11:49:12','2020-09-27 11:49:12'),(59,122,7,NULL,NULL,'2020-09-27 11:49:20','2020-09-27 11:49:20'),(60,49,7,NULL,NULL,'2020-09-27 11:49:31','2020-09-27 11:49:31'),(61,52,7,NULL,NULL,'2020-09-27 11:49:45','2020-09-27 11:49:45'),(62,60,7,NULL,NULL,'2020-09-27 11:50:00','2020-09-27 11:50:00'),(63,57,7,NULL,NULL,'2020-09-27 11:50:13','2020-09-27 11:50:13'),(64,129,7,NULL,NULL,'2020-09-27 11:50:24','2020-09-27 11:50:24'),(65,64,7,NULL,NULL,'2020-09-27 11:50:36','2020-09-27 11:50:36'),(66,70,7,NULL,NULL,'2020-09-27 11:50:47','2020-09-27 11:50:47'),(67,32,7,NULL,NULL,'2020-09-27 11:51:00','2020-09-27 11:51:00');
/*!40000 ALTER TABLE `aplication_article` ENABLE KEYS */;
UNLOCK TABLES;

--
-- Table structure for table `aplications`
--

DROP TABLE IF EXISTS `aplications`;
/*!40101 SET @saved_cs_client     = @@character_set_client */;
/*!40101 SET character_set_client = utf8 */;
CREATE TABLE `aplications` (
  `id` int(10) unsigned NOT NULL AUTO_INCREMENT,
  `name` varchar(191) COLLATE utf8mb4_unicode_ci DEFAULT NULL,
  `display_name` varchar(191) COLLATE utf8mb4_unicode_ci DEFAULT NULL,
  `description` longtext COLLATE utf8mb4_unicode_ci,
  `img_path` varchar(191) COLLATE utf8mb4_unicode_ci DEFAULT NULL,
  `icon_path` varchar(191) COLLATE utf8mb4_unicode_ci DEFAULT NULL,
  `pdf_path` varchar(191) COLLATE utf8mb4_unicode_ci DEFAULT NULL,
  `svg_path` varchar(191) COLLATE utf8mb4_unicode_ci DEFAULT NULL,
  `family_id` int(10) unsigned DEFAULT NULL,
  `created_at` timestamp NULL DEFAULT NULL,
  `updated_at` timestamp NULL DEFAULT NULL,
  PRIMARY KEY (`id`) USING BTREE,
  KEY `aplications_family_id_foreign` (`family_id`) USING BTREE,
  CONSTRAINT `aplications_family_id_foreign` FOREIGN KEY (`family_id`) REFERENCES `families` (`id`) ON DELETE CASCADE
) ENGINE=InnoDB AUTO_INCREMENT=8 DEFAULT CHARSET=utf8mb4 COLLATE=utf8mb4_unicode_ci ROW_FORMAT=DYNAMIC;
/*!40101 SET character_set_client = @saved_cs_client */;

--
-- Dumping data for table `aplications`
--

LOCK TABLES `aplications` WRITE;
/*!40000 ALTER TABLE `aplications` DISABLE KEYS */;
INSERT INTO `aplications` VALUES (2,'residencia','Residencia','Quia sit in nisi temporibus eaque excepturi. Unde excepturi eius excepturi deserunt debitis. Molestiae incidunt dolor eligendi doloremque nihil illo voluptatibus. Molestias nobis animi porro possimus aut molestiae. Dolor totam dolores neque et dolores omnis eum quibusdam. Harum voluptatem quae quaerat. Modi minus soluta aliquid velit perspiciatis. Molestias tempora velit rerum sunt asperiores sunt maxime unde. Accusamus est eius aut dolores porro. Accusantium excepturi asperiores provident explicabo vitae sed veniam. Possimus id nulla ullam.','img/brand/residencia-aplication.jpg','img/brand/residencia-aplication-icon.png',NULL,NULL,1,NULL,'2020-09-27 10:50:03'),(3,'hospital','Hospital','Facilis consequuntur perferendis veniam accusamus ut sed consequatur. Illo vel ea perspiciatis iure aut quisquam. Mollitia dolorum ut error autem voluptatum commodi omnis. Fugiat architecto est perferendis inventore. Doloremque nam dolores qui ducimus. Possimus molestiae quaerat eos impedit optio consequatur nesciunt. Quasi nam delectus repellat accusantium suscipit architecto quidem. Sapiente numquam magni dolorem dolore beatae. Dolor quia maxime culpa velit hic necessitatibus laborum. Ipsa porro repudiandae eum sed omnis et ut. Recusandae laudantium ipsa cupiditate magnam animi. Totam nulla amet itaque qui quis dolor tempore. Vel est labore natus et cumque quod pariatur. Fugit beatae ut et qui temporibus. Sint velit aut omnis harum. Qui id reprehenderit dolorum nostrum.','img/brand/hospital-aplication.jpg','img/brand/hospital-aplication-icon.png',NULL,NULL,2,NULL,'2020-09-27 10:04:34'),(4,'hotel','Hotel','Sed magni officia magnam explicabo perspiciatis. Sed consectetur quos vero autem. Minus maxime qui eveniet explicabo voluptatem. Voluptates dolor veniam et non. Cupiditate id incidunt accusantium nemo totam et et. Voluptatem rerum quam mollitia eveniet aut. Non recusandae et sed ut. Esse error quia ut sapiente et. Unde natus aliquid accusamus aut aut dolore autem. Ut nisi sunt facilis sunt perferendis soluta esse. Ut nemo similique esse. A molestias deserunt nam tempora sed ipsam quia velit. Quia adipisci ut reprehenderit dolores ducimus deserunt. Enim voluptate ipsa earum qui accusamus est. Facere culpa iure magnam reprehenderit eaque et. Et sunt eaque consequatur. Voluptas doloremque iure in. Velit tenetur ut quo ab porro est. Labore assumenda qui aut amet. Tenetur vero nulla ea iure rem odit voluptates. Voluptatem facilis nihil consectetur accusantium.','img/brand/hotel-aplication.jpg','img/brand/hotel-aplication-icon.png',NULL,NULL,2,NULL,'2020-09-27 10:49:40'),(5,'autoservicio','Autoservicio','Excepturi facere et vero ut molestiae minima placeat. Qui et quidem aspernatur laborum quia quidem minus. Aliquam qui nulla blanditiis quia dolor. Incidunt libero quia occaecati quod consectetur. Consequatur enim suscipit dignissimos et. Qui quas culpa alias pariatur dolorum. Esse ut quidem voluptate incidunt nostrum. Ut qui repudiandae id suscipit rerum quos assumenda. Hic voluptatem consectetur tenetur et. Voluptatem provident aliquid est corrupti vero. Explicabo molestiae accusamus similique voluptatum voluptatem. Temporibus ex laudantium blanditiis qui ipsum. Dolores est rerum ea eos illum. Voluptatem quisquam aut hic reiciendis iusto fugiat. Quod hic beatae adipisci. Eaque vero et expedita saepe et. Dicta est est ut placeat ut. Sint sunt sunt ducimus sapiente dolores vero. Facere ullam saepe deleniti velit odit. Aliquid et officia ut tempora. Aut vel recusandae repellat officia temporibus quo atque.','img/brand/autoservicio-aplication.jpg','img/brand/autoservicio-aplication-icon.png',NULL,NULL,2,NULL,'2020-09-27 10:49:19'),(6,'industria','Industria','Fugiat ut minus odio quae. Ex eum aliquid unde est neque. Placeat natus similique ab. Est blanditiis quam eos sed cumque et. Et facere magni et nihil enim. Accusamus odio quis fuga ut deleniti eos id. Iste est quo dicta voluptate. Possimus nam possimus aliquam dolor odit. Id repellat laboriosam et temporibus explicabo illo voluptatum nihil. A qui vitae et autem est maxime impedit. Eveniet nam est qui atque dolores illo. Aperiam vitae ipsum eligendi maxime minus. At nemo pariatur consequatur dolore nisi. Omnis dolor consectetur doloribus in. Dicta sunt ab id qui aliquam maxime voluptatum quas. Nam cumque perferendis exercitationem ullam unde. Ut quibusdam consequatur est quas.','img/brand/industria-aplication.jpg','img/brand/industria-aplication-icon.png',NULL,NULL,2,NULL,'2020-09-27 10:05:39'),(7,'aeropuertos','Aeropuertos','Magni nobis illum sit. Sequi ipsam vel id excepturi fugit. Cupiditate velit ratione quibusdam at vero commodi sapiente. Blanditiis voluptatibus et nisi commodi aliquam. Non dolores corporis enim. Est illo neque eum cumque amet. Qui fugiat velit laboriosam sit nesciunt. Dolorum possimus quam rerum sit enim. Assumenda et ratione cupiditate dolorem temporibus nulla. Dolorem accusantium tempore enim dolores.','img/brand/aeropuertos-aplication.jpg','img/brand/aeropuertos-aplication-icon.png',NULL,NULL,2,NULL,'2020-09-27 10:05:17');
/*!40000 ALTER TABLE `aplications` ENABLE KEYS */;
UNLOCK TABLES;

--
-- Table structure for table `article_mensaje`
--

DROP TABLE IF EXISTS `article_mensaje`;
/*!40101 SET @saved_cs_client     = @@character_set_client */;
/*!40101 SET character_set_client = utf8 */;
CREATE TABLE `article_mensaje` (
  `id` int(10) unsigned NOT NULL AUTO_INCREMENT,
  `article_id` int(10) unsigned NOT NULL,
  `mensaje_id` int(10) unsigned NOT NULL,
  `created_at` timestamp NULL DEFAULT NULL,
  `updated_at` timestamp NULL DEFAULT NULL,
  PRIMARY KEY (`id`) USING BTREE,
  KEY `article_mensaje_article_id_foreign` (`article_id`) USING BTREE,
  KEY `article_mensaje_mensaje_id_foreign` (`mensaje_id`) USING BTREE,
  CONSTRAINT `article_mensaje_article_id_foreign` FOREIGN KEY (`article_id`) REFERENCES `articles` (`id`) ON DELETE CASCADE,
  CONSTRAINT `article_mensaje_mensaje_id_foreign` FOREIGN KEY (`mensaje_id`) REFERENCES `mensajes` (`id`) ON DELETE CASCADE
) ENGINE=InnoDB AUTO_INCREMENT=3 DEFAULT CHARSET=utf8mb4 COLLATE=utf8mb4_unicode_ci ROW_FORMAT=DYNAMIC;
/*!40101 SET character_set_client = @saved_cs_client */;

--
-- Dumping data for table `article_mensaje`
--

LOCK TABLES `article_mensaje` WRITE;
/*!40000 ALTER TABLE `article_mensaje` DISABLE KEYS */;
INSERT INTO `article_mensaje` VALUES (1,129,23,NULL,NULL);
/*!40000 ALTER TABLE `article_mensaje` ENABLE KEYS */;
UNLOCK TABLES;

--
-- Table structure for table `articles`
--

DROP TABLE IF EXISTS `articles`;
/*!40101 SET @saved_cs_client     = @@character_set_client */;
/*!40101 SET character_set_client = utf8 */;
CREATE TABLE `articles` (
  `id` int(10) unsigned NOT NULL AUTO_INCREMENT,
  `name` varchar(191) COLLATE utf8mb4_unicode_ci DEFAULT NULL,
  `slug` varchar(191) COLLATE utf8mb4_unicode_ci DEFAULT NULL,
  `preview` text COLLATE utf8mb4_unicode_ci,
  `code` varchar(191) COLLATE utf8mb4_unicode_ci DEFAULT NULL,
  `is_trend` int(11) DEFAULT NULL,
  `is_new` int(11) DEFAULT NULL,
  `description` text COLLATE utf8mb4_unicode_ci,
  `specs` text COLLATE utf8mb4_unicode_ci,
  `category_id` int(10) unsigned DEFAULT NULL,
  `deleted_at` timestamp NULL DEFAULT NULL,
  `created_at` timestamp NULL DEFAULT NULL,
  `updated_at` timestamp NULL DEFAULT NULL,
  PRIMARY KEY (`id`) USING BTREE,
  KEY `articles_category_id_foreign` (`category_id`) USING BTREE,
  CONSTRAINT `articles_category_id_foreign` FOREIGN KEY (`category_id`) REFERENCES `categories` (`id`) ON DELETE CASCADE
) ENGINE=InnoDB AUTO_INCREMENT=185 DEFAULT CHARSET=utf8mb4 COLLATE=utf8mb4_unicode_ci ROW_FORMAT=DYNAMIC;
/*!40101 SET character_set_client = @saved_cs_client */;

--
-- Dumping data for table `articles`
--

LOCK TABLES `articles` WRITE;
/*!40000 ALTER TABLE `articles` DISABLE KEYS */;
INSERT INTO `articles` VALUES (4,'WideM','widem','Barrera o Pluma de estacionamiento ideal para accesos de mediano flujo.',NULL,1,0,'WideM es la línea de barreras de estacionamiento NICE de flujo mediano que aporta mayor resistencia y rapidez, aplicada en lugares con  flujo de vehículos como estacionamientos, condominios, industrias, establecimientos comerciales y universidades. A través de su diseño innovador y componentes de alta gama, WideM opera de manera confiable y duradera. Disponible en versiones 3m / 4m / 5m, carenado de acero con tratamiento protector y pintado en naranja o opción acero inoxidable.\r\nMáxima seguridad ante choque: Sistema de detección de obstáculos al abrir y cerrar.\r\nEl cuerpo de la barrera ayuda de manera interna a detectar hasta el mínimo posible impacto visual.','Luces Indicadoras, Barra de diseño elíptico, Diseño, Desempeño, Protección IP54',2,NULL,NULL,'2020-12-29 21:31:06'),(5,'WideL','widel','Barrera o Pluma de estacionamiento ideal para accesos de mediano flujo.',NULL,0,0,'WideL es la línea de barreras de estacionamiento NICE de flujo mediano que aporta mayor resistencia y rapidez, aplicada en lugares con  flujo de vehículos como estacionamientos, condominios, industrias, establecimientos comerciales y universidades. A través de su diseño innovador y componentes de alta gama, WideL opera de manera confiable y duradera. Disponible en versiones 3m / 4m / 5m, carenado de acero con tratamiento protector y pintado en naranja o opción acero inoxidable.\r\nMáxima seguridad ante choque: Sistema de detección de obstáculos al abrir y cerrar.\r\nEl cuerpo de la barrera ayuda de manera interna a detectar hasta el mínimo posible impacto visual.','Luces Indicadoras, Barra de diseño elíptico, Diseño, Desempeño, Protección IP54, Grandes Aperturas',2,NULL,NULL,'2020-12-29 21:32:27'),(6,'M5Bar','m5bar','Barrera o Pluma de estacionamiento ideal para accesos de alto flujo y de grandes dimensiones.',NULL,0,0,'MBAR es la línea de barreras de estacionamiento NICE de alto desempeño que aporta mayor resistencia y rapidez, aplicada en lugares con alto flujo de vehículos como estacionamientos, condominios, industrias, establecimientos comerciales y universidades. A través de su diseño innovador y componentes de alta gama, MBAR opera de manera confiable y duradera. Disponible en versiones 3m / 4m / 5m, carenado de acero con tratamiento protector y pintado en naranja o opción acero inoxidable. \r\nOperaciones de abrir y cerrar de la barra de sección elíptica con un peso más ligero y resistencia a mayores ráfagas de viento.','Luces Indicadoras, Barra de diseño elíptico, Ahorro de energía por modo espera, Protección IP54, Alto Flujo, Grandes Aperturas',2,NULL,NULL,'2020-12-29 21:35:03'),(7,'RUN 1800-2500','run-1800-2500','Operador ideal para portones corredizos de hasta 2500 kilos, con desloqueo.',NULL,0,0,'Apto para el uso en condiciones extremas, en instalaciones destinadas a un uso intensivo. El sistema BlueBUS permite efectuar conexiones de dos hilos solamente entre la central de mando y hasta 15 equipos de mando, de seguridad y de señal. Sus ajustes de aceleración y desaceleración son precisos y fiables. \r\nLogra gestionar su fuerza adaptándola a las diferentes condiciones climáticas y ambientales y al mismo tiempo, adecuando la protección térmica y la intensidad de la autoventilación según la temperatura medida.','Poderoso, Aperturas Contínuas, Robusto, Adaptable',3,NULL,NULL,'2020-12-29 21:45:43'),(8,'Tub 4000','tub-4000','Operador ideal para aperturas industriales o portones pesados, donde la carga sea un problema inicial.',NULL,0,0,'Para puertas correderas de hasta 4000 kg, motorreductor electromecánico irreversible, 400 Vac, con central de mando Mindy A500 incorporada.550 W de potencia absorbida y mas de 400 Nm de par máxima de arranque. Máxima duración y silencio: engranajes de metal y bronce.','Protección contra Agua, Facilidad de uso, Robustez, Fácil Instalación',3,NULL,NULL,'2020-12-29 21:49:42'),(9,'Spido','spido','Motorreductor electromecánico con guía de aluminio de 3m para apertura de 2,5m, transmisión por cadena autosoportada, el kit Nice más práctico para la automatización de puertas de garaje\r\nen estructuras nuevas o existentes.',NULL,1,0,'Ideal para puertas ascendentes de hasta 2.5 metros de alto.','Luz de cortesía incorporada, Pulsador exterior para accionar el motorreductor sin abrirlo, Desbloqueo manual cómodo.',4,NULL,NULL,'2020-12-29 04:52:52'),(10,'Sumo','sumo','Para puertas seccionales y correderas de dos hojas de hasta 35 m2.\r\nSumo puede montarse directamente en el eje de la puerta seccional.',NULL,0,0,'Estética revolucionaria con dimensiones muy pequeñas, sobre todo la anchura, para facilitar el montaje en cualquier posición; instalación rápida.','Diseño, Silencioso, Robustez, Desbloqueo Integrado, Batería de respaldo',4,NULL,NULL,'2020-12-29 04:53:31'),(17,'Rolling Center','rolling-center','Herrajes para puertas corredizas, plegables, y batientes.',NULL,0,0,'Gran variedad de herrajes para portones residenciales, comerciales e indsutriales, de calidad Italiana.','Calidad, Fabricación, Durabilidad',7,NULL,NULL,'2020-12-29 23:53:45'),(18,'Auto-Portante','auto-portante','Herrajes especiales para fabricación de puertas o rejas suspendidas .',NULL,0,0,'Herraje para fabricación de puertas suspendidas de hasat grandes medidas o pesos, requiriendo de pocas piezas para su colocación, contando igual con un tabulador en tiempo real para verificar cada puerta por separado.','Calidad, Fabricación, Durabilidad',7,NULL,NULL,'2020-12-30 00:20:04'),(20,'Bisagras','bisagras',NULL,NULL,0,0,'Lorem ipsum dolor sit amet consectetur adipisicing elit. Iste ex assumenda consequatur quam eveniet dolorem rem eaque ad corporis provident? Id consequuntur harum delectus cum eligendi repellat deleniti pariatur eos vero quas at magni porro, sint quisquam? Voluptatum, enim! Velit repudiandae eius enim eligendi porro, nemo error assumenda commodi earum, voluptatem ipsa! Odio doloribus tempore, hic error cumque aperiam quo?',NULL,7,NULL,NULL,'2020-09-09 07:52:54'),(21,'Corredizas Central y Lateral','corredizas-central-y-lateral','Las puertas automáticas correderas estándar son totalmente personalizables en medidas, acabados y colores. La cubierta del producto está fabricada en aluminio, lo que permite todos los acabados disponibles para este material.',NULL,1,0,'Las puertas correderas de apertura central y lateral son las puertas automáticas más populares y funcionales y aportan un toque de distinción y elegancia a cualquier ambiente de forma sencilla. En una puerta central, las dos hojas móviles se desplazan en sentidos opuestos, dejando libre una amplia zona de paso. Por su parte, la hoja móvil de una corredera lateral se desplaza a derecha o a izquierda liberando la zona de paso en el lateral correspondiente. Las puertas correderas centrales y laterales Manusa ofrecen la máxima velocidad de apertura del mercado, junto con la máxima seguridad. Son recomendables en entradas y salidas públicas donde la circulación de personas sea intensa o donde la seguridad de los usuarios esté vinculada a la fluidez del tráfico.','Apertura Central o Lateral, Rapidez Conexión alarma de incendios, Diferentes tipos de perfilería',9,NULL,NULL,'2020-12-30 03:40:07'),(22,'Telescópicas','telescópicas','Las puertas automáticas correderas telescópicas son totalmente personalizables en medidas, acabados y colores.',NULL,0,0,'Las puertas correderas telescópicas son ideales para entradas con limitaciones de espacio, separar corredores o ampliar y maximizar el acceso de lugares estrechos. Las puertas correderas telescópicas de Manusa tienen múltiples opciones de personalización y se adaptan perfectamente a todo tipo de estructuras. Esta posibilidad de adecuación al espacio arquitectónico ofrece una armonía estética que da como resultado las puertas elegantes que nos caracterizan. Las puertas correderas telescópicas combinan la funcionalidad y el diseño característico de las puertas Manusa, ofreciendo una solución elegante y eficiente a las necesidades particulares de cada espacio. Teniendo en cuenta el confort del usuario, estas puertas de apertura central o lateral son de máxima seguridad y aportan un valor añadido de comodidad gracias a su sistema automático de apertura y cierre.','Aprovechamiento de espacios, Diferentes tipo de Perfilería, Seguridad, Apertura Central o Lateral, Entrada Elegante y singular.',9,NULL,NULL,'2020-12-30 03:40:56'),(23,'Semi-Circulares','semi-circulares','Las puertas automáticas correderas curvas y semicirculares son totalmente personalizables en medidas, acabados y colores.',NULL,0,0,'Las puertas correderas curvas y semicirculares han sido pensadas como una solución elegante para el conjunto arquitectónico que las requiera, aportando en un solo modelo toda la funcionalidad, comodidad y eficiencia de nuestros productos. Una puerta curva consiste en una puerta automática de apertura central o lateral de una o dos hojas móviles que se desplazan radialmente. En este caso buscamos unir comodidad con un diseño elegante que logre aportar un toque especial a las entradas de los edificios donde queden instaladas. Para ello contamos con diferentes radios y grados de curvatura, así como la posibilidad de montar puertas semicirculares o circulares con apertura central o lateral que se integren de la mejor manera dentro del espacio proyectado, todo esto sin renunciar a la seguridad que siempre ofrecen nuestras puertas automáticas. Las puertas automáticas correderas curvas y semicirculares de Manusa ofrecen todas las ventajas de las puertas de su tipo: máxima seguridad, alta capacidad de personalización y la posibilidad de instalación con diferentes radios y grados de curvatura. Su diseño también permite adaptar las medidas al espacio que lo requiera, así como darle distintos acabados y colores que logren integrar perfectamente su funcionalidad con su valor, una dupla ideal tanto para el conjunto arquitectónico como para la comodidad del usuario.','Personalizable, Curvatura del Vidrio, Apertura Central o Lateral, Entrada Elegante y Singular',9,NULL,NULL,'2020-12-30 03:41:28'),(24,'Sistema Anti-Pánico','sistema-anti-pánico','Las puertas de emergencia con sistema anti-pánico, son totalmente personalizables en medidas, acabados y colores.',NULL,0,0,'Las puertas de emergencia con mecanismo antipánico de Manusa combinan la funcionalidad de una puerta corredera con la posibilidad de abatimiento de las hojas, permitiendo así maximizar la zona de paso. La puerta funciona en modo normal (corredera y automática) y en caso de emergencia, las hojas se abaten por simple empuje manual hacia el exterior y se repliegan en los laterales para permitir un amplio paso libre de evacuación. Nuestras puertas antipánico están recomendadas para edificios públicos como aeropuertos, estaciones o grandes superficies o en instalaciones donde puntualmente se precise un área de acceso de dimensiones mayores a la habitual. Son compatibles con varios de nuestros accesorios Manusa, entre ellos el selector de mando Óptima, el selector de mando Smart, el mando a distancia, el cerrojo automático, las fotocélulas de seguridad, el sistema de control de acceso y el sistema de identificación personal de acceso. Disponibles con hojas enmarcadas en todo su perímetro y hojas transparentes.','Emergencia, Mayor aprovechamiento de paso, Apertura Central con Abatible',9,NULL,NULL,'2020-12-30 03:43:38'),(25,'Contra-Explosión','contra-explosión','Totalmente personalizable en medidas (según ensayos), acabados y colores.',NULL,0,0,'Con un diseño propio y único, las puertas correderas antiexplosivos de Manusa son completamente acristaladas, automáticas y con sistemas diseñados para garantizar la seguridad de todo tipo de establecimiento comercial, residencial o privado. Su tamaño permite el máximo espacio de apertura y son totalmente personalizables en medidas, acabados y colores. Están diseñadas específicamente para proteger y garantizar la seguridad de las personas en caso de posibles explosiones, tanto accidentales como intencionadas. Hay dos tipos de puertas correderas: una de apertura lateral con una hoja móvil y una central de dos hojas móviles, ambas con todas las características y ventajas de una puerta automática Manusa, incluido un operador Visio HD y carpintería de aluminio. El diseño y la tecnología involucrada en él convierten esta puerta en un accesorio de máxima seguridad, sin perder la transparencia y sencillez de una puerta automática regular. Las puertas correderas antiexplosivos son ideales para proteger las fachadas de hoteles, bancos, infraestructuras de transporte, edificios públicos, centros comerciales o cualquier tipo de institución o negocio que lo considere necesario. A nivel de funcionamiento, tienen muy bajos requisitos energéticos y cumplen con todas las condiciones de seguridad relevantes para puertas de su clase. También cuenta con sensores automáticos para detectar cualquier obstrucción y poder detener e invertir las puertas de forma inmediata.','Anti-explosión, Uso manual tras explosión, Diseño para máximos tamaño, Certificado ISO 16933:2007, Personalizable',25,NULL,NULL,'2020-12-30 03:42:23'),(26,'Corta Fuego','corta-fuego','Totalmente personalizable en medidas (según ensayos), acabados y colores.',NULL,0,0,'Las puertas resistentes al fuego de Manusa han sido diseñadas para cumplir una función de sectorización entre zonas combinando la funcionalidad y la estética de una puerta automática con las propiedades de integridad y aislamiento de las puertas cortafuego. Su función es la de proteger espacios de la acción de las llamas, para que estas no atraviesen de un lado a otro las zonas a sectorizar como para impedir el aumento significativo de temperatura en el lado contrario al fuego. Todo esto durante un periodo de tiempo determinado 30 o 60 minutos en este producto. Es importante destacar que la puerta corredera MANUSA EI ha sido ensayada en todo su conjunto, cumpliendo con las exigencias cortafuego y son válidas para delimitar zonas con riesgo de incendio. Todas nuestras puertas EI están certificadas según normas vigentes. Todas nuestras puertas EI están diseñadas con apertura central o lateral y son totalmente personalizables en medidas (según ensayos obtenidos), acabados lacados. Igualmente tenemos una amplia gama de accesorios Manusa que pueden integrarse para mejorar u optimizar su funcionamiento.','Certificado Corta-Fuego, Aislamiento de Gases, Tráfico Pesado, Cristales con vidrio Intumescente',25,NULL,NULL,'2020-12-30 03:42:59'),(27,'BRT','brt','El sistema está formado por una serie de equipos dispuestos tanto en las estaciones como a\r\nbordo de los vehículos, para coordinar la correcta apertura de las puertas.',NULL,0,0,'Las puertas automáticas para sistemas Bus Rapid Transit han sido diseñadas para optimizar el flujo de personas en estaciones de BRT. Nuestro objetivo es optimizar la seguridad y la funcionalidad de estos espacios ofreciendo puertas elegantes y de calidad, aptas para uso intensivo y que requieran de poco mantenimiento. En base a estas necesidades hemos diseñado un producto fácil de adaptar, duradero y con bajos requerimientos de mantenimiento, todo ello integrado a un sistema de control y gestión que sincroniza la apertura y el cierre tanto de la dársena como del vehículo, permitiendo un paso de pasajeros coordinado y seguro. En Manusa nos especializamos en puertas automáticas para sistemas BRT, lo que nos ha convertido en líderes del sector gracias a las posibilidades que ofrecemos desde el inicio del proyecto. Adaptamos el diseño a cualquier infraestructura para que encaje con los requerimientos de la estación y así causar el mínimo impacto dentro del complejo arquitectónico. Nuestras puertas garantizan la seguridad de los pasajeros, permitiendo un acceso coordinado a los vagones y evitando accidentes.','Escalable, Versátil y adaptable a las necesidades, Comunicación a sistemas, Inteligente para identificar tipos de vehículos, Control con conteo de personas',9,NULL,NULL,'2020-12-30 03:49:26'),(28,'Puertas para Quirófano Corredizas','puertas-para-quirófano-corredizas','Las puertas correderas herméticas forman parte de las soluciones que ofrece nuestro equipo para laboratorios, hospitales, y entornos relacionados con el sector salud y todo tipo de salas blancas en entornos industriales, donde el aire tenga condiciones especiales.',NULL,1,0,'Nuestras puertas correderas herméticas pueden ser personalizables. Acabados en acero inoxidable, laminado de alta densidad que está disponible en una amplia gama de colores, así como la combinación de ambos. De apertura central o lateral, las puertas herméticas Manusa aúnan las ventajas de una puerta automática con la hermeticidad e higiene requeridas en ambientes limpios. Esto hace que nuestros diseños se integren perfectamente dentro de cualquier proyecto arquitectónico, añadiendo valor estético que transmite seriedad, higiene, elegancia y seguridad a los usuarios. Las puertas correderas herméticas Manusa llevan nuestro sello de garantía, pues aseguran la comodidad en el acceso y aportan la máxima seguridad. Existe la opción de mirilla con cámara enrasada de elegante diseño y fácil limpieza, disponible en diferentes formas y medidas. La mirilla puede llevar persiana veneciana en su interior, o vidrio electro-polarizado.\r\nNuestro equipo siempre está atento a desarrollar diseños que se adapten perfectamente dentro de los espacios en el que irán montadas nuestras puertas. Por eso, las puertas correderas herméticas Manusa pueden fabricarse con una amplia variedad de materiales que permiten distintas medidas y colores para que aporten un valor añadido a la estética del conjunto y transmitan confianza al usuario.','Hermeticidad, Higiene, Diferentes Acabados, Personalizable, Apertura Central o Lateral',11,NULL,NULL,'2020-12-30 04:00:21'),(29,'Puertas para Quirófano Batientes','puertas-para-quirófano-batientes','Las puertas herméticas batientes son una propuesta que busca integrar puertas herméticas funcionales dentro de un espacio, respetando la estética del edificio adaptándose a él o siendo el elemento que marca la diferencia.',NULL,0,0,'Estas puertas pensadas para el sector sanitario, suponen un avance en la creación de espacios herméticos gracias a una combinación de materiales y diseño. Nuestras puertas herméticas batientes pueden montarse con una o con dos hojas, garantizando en todo momento las condiciones higiénicas del interior debido a materiales como el acero inoxidable o el laminado de alta densidad que utilizamos para su fabricación. No dejamos nada a la improvisación, por eso, sean cuales sean las necesidades del cliente nuestras puertas sellan tanto los laterales como el superior y el inferior del marco de la puerta, asegurando que el espacio se mantiene hermético. Las puertas herméticas batientes Manusa cuentan con la garantía de seguridad que ofrecemos en todos nuestros productos. Llevan una mirilla con cámara enrasada que se integra con la estética del espacio y a su vez es fácil de limpiar. Además, son adaptables a distintos entornos y a las necesidades de cada cliente, gracias a todas las posibilidades de personalización que ofrecemos.\r\n\r\nLas puertas herméticas batientes son un tipo de puerta común en entornos sanitarios por lo que hemos trabajado para ofrecer un amplio abanico de opciones, manteniendo nuestro compromiso de adaptar nuestros productos a los espacios en el que irán integrados. Nuestros acabados siempre buscan la armonía estética y la construcción arquitectónica a la par que funcionalidad y seguridad.','Automatización, Hermeticidad, Acabados. Personalizable, Higiene, Apertura Central o Lateral',11,NULL,NULL,'2020-12-30 04:01:20'),(30,'Puertas para Cuidados Intensivos (ICU)','puertas-para-cuidados-intensivos-(icu)','Las puertas herméticas acristaladas Clear View es un diseño específico por parte de Manusa, que garantiza la hermeticidad necesaria en determinados ambientes, como salas de observación en hospitales y UCI´s, pero a la vez proporciona una gran visibilidad del interior.',NULL,0,0,'Como en Manusa México sabemos que integrar nuestras puertas herméticas acristaladas dentro de un espacio requiere flexibilidad, ofrecemos a nuestros clientes distintas medidas, acabados y colores que aseguren que nuestras puertas se adaptan estética y funcionalmente al conjunto.\r\nSin embargo, cuando se requiere cierto grado de privacidad, existe la opción de instalar vidrio electropolarizado o vidriopantalla, que permite a voluntad ver o no el interior de la sala. Las puertas herméticas acristaladas Clear View ofrecen una amplia visibilidad del interior de las salas, por lo que las convierten en la mejor opción para espacios de observación en edificios relacionados con el ámbito de la salud y la medicina. A la vez que mantienen las condiciones de presión, higiene, temperatura y humedad deseadas, garantizan la hermeticidad en todo su conjunto gracias a las juntas perimetrales y al perfil de ajuste en cuña que garantiza la hermeticidad inferior. Las puertas acristaladas Clear View garantizan el aislamiento ante cualquier elemento del exterior, permitiendo la construcción de espacios aislados sin perder todas las ventajas que presentan las puertas automáticas Manusa. Con una amplia variedad de accesorios y disponible en diferentes medidas, acabados y colores, sin renunciar a su garantía de hermeticidad y seguridad.','Visibilidad, Privacidad con electropolarizado o vidriopantalla, Hermeticidad, Fácil Acceso, Acabado',11,NULL,NULL,'2020-12-30 04:02:37'),(31,'Puertas para Rayos X','puertas-para-rayos-x','Las puertas emplomadas para radiología son una propuesta orientada específicamente al sector sanitario, que busca garantizar el aislamiento de las salas de rayos X.',NULL,0,0,'Teniendo presente este objetivo, nuestro equipo ha puesto todo su esfuerzo en combinar ingeniería y diseño de manera integral, para ofrecer una puerta personalizable que garantice una máxima efectividad. La hoja contiene dos capas de plomo de 1 mm que se solapan con las inserciones de plomo de las paredes de la sala de radiología para asegurar un perfecto aislamiento. Pueden ser herméticas o no, en función de las necesidades de la sala, pero nunca sin renunciar a la máxima seguridad e higiene. Nuestras puertas emplomadas para radiología ofrecen la máxima seguridad, comodidad y un diseño que aporta funcionalidad y estética. Además, existe la opción de incorporar mirilla con cámara y cristal emplomado.\r\n\r\nQue la función de las puertas emplomadas para radiología sea muy específica no nos impide ofrecer diseños adaptables a distintos espacios arquitectónicos, aportando elegancia y armonía al conjunto. Para ello, a la hora de fabricar nuestras puertas disponemos de gran variedad de acabados y colores, adaptándonos a las necesidades de que cada cliente.','Aislamiento con lámina de plomo, Alarma de incendios conectividad, Higiene',11,NULL,NULL,'2020-12-30 04:03:39'),(32,'Puertas Rápidas Autorreparables 100SR','puertas-rápidas-autorreparables-100sr','La puerta Autorreparable® Controlsa es la mejor solución para los accesos y las separaciones de áreas. En fabricación y constante renovación desde 1994, la puerta Autorreparable® ha ido incorporando los últimos avances electrónicos desde su primera versión. La inclusión de un cuadro de mando completamente electrónico, así como de su exclusivo sistema patentado de guiaje y control desde su creación, ha marcado una diferencia en el sector. Dicho sistema permite que en caso de impacto contra la lona, ésta se desprenda de las guías para volver a introducirse automáticamente al subir la puerta con sólo pulsar un botón, por lo que los costes de reparación y mantenimiento se reducen al mínimo.',NULL,0,0,'Ideales para separación de áreas dentro de bodegas, optimizando el paso.','Sistema Autorreparable, Sensibilidad, Velocidad de Cierre, Celdas de Seguridad',12,NULL,NULL,'2020-12-31 00:40:08'),(33,'Puertas Rápidas Reforzadas para Interiores 110 Rl','puertas-rápidas-reforzadas-para-interiores-110-rl','La puerta Reforzada Interior Controlsa es el resultado de una unión entre la puerta Autorreparable y la puerta Reforzada de Exterior Controlsa; diseñada para lugares donde existan correintes de aire y se necesite una comunicación eficiente entre varias zonas. Esta puerta dispone de unos refuerzos horiontales en toda su apertura de luz, pudiendo llevar el sistema Autorreparable® en los primeros 1400 mm. de recorrido desde el suelo. Con la puerta Reforzada Interior Controlsa se consigue un tránsito ágil y rápido entre dos áreas interiores, así como un mejor funcionamiento en cabinas presurizadas.',NULL,0,0,'Ideales para separación de áreas dentro de bodegas, optimizando el paso para grandes aperturas o zonas presurizadas.','Sistema Autorreparable, Sensibilidad, Velocidad de Cierre, Celdas de Seguridad, Grandes Aperturas',12,NULL,NULL,'2020-12-31 00:41:07'),(34,'Puertas Rápidas Reforzadas para Exteriores 120RE','puertas-rápidas-reforzadas-para-exteriores-120re','La puerta Reforzada Exterior Controlsa es la mejor solución para ubicaciones expuestas directamente a zonas exteriores y/o con grandes presiones de aire. Está dotada de refuerzos flexibles que dan a la lona rigidez y facilitan el enrollado de la misma. Dependiendo de la intensidad de la presión del aire, puede variar el número de refuerzos flexibles a lo largo de la hoja de PVC, consiguiendo una separación eficaz entre interior y exterior.',NULL,0,0,'Ideales para separación de áreas de interior de bodega al exterior, promoviendo grandes aperturas y diferentes acabados.','Sistema Autorreparable, Sensibilidad, Velocidad de Cierre, Celdas de Seguridad, Grandes Aperturas',12,NULL,NULL,'2020-12-31 00:41:51'),(35,'Puertas Rápidas Reforzadas de Doble Lona 150DL','puertas-rápidas-reforzadas-de-doble-lona-150dl','Es la mejor solución para separar zonas interiores a diferente temperatura, obteniendo una mayor atenuación del ruido y permitiendo el paso rápido.',NULL,0,0,'El aislamiento se consigue gracias a la cámara de aire que queda entre ambas lonas. Además incorpora un sistema que permite, en caso de impacto contra la lona, que ésta se desprenda de las guías para volver a introducirse automáticamente al subir la puerta con sólo pulsar un botón, por lo que los costes de reparación y mantenimiento se reducen al mínimo.\r\nIdeales para separación de áreas de frío, promoviendo un ahorro energético y evitando formación de hielo negro.','Aislante, Sistema Autorreparable, Velocidad de Cierre, Celdas de protección, Diferentes medidas',26,NULL,NULL,'2020-12-31 02:30:28'),(36,'Puertas Rápidas Autoreparable Reforzada Exterior 140RA','puertas-rápidas-autoreparable-reforzada-exterior-140ra','Es la mejor solución para ubicaciones expuestas directamente a zonas exterior y/o con grandes presiones de aire. Está dotada de refuerzos flexibles que dan a la lona rigidez y facilitan el enrollado de la misma. Dependiendo de la intensidad de la presión de aire, puede variar el número de refuerzos flexibles a lo largo de la hoja de PVC. Incorpora un sistema que permite, en caso de impacto contra la lona, que esta se desprenda de las guías para volver a introducirse automáticamente al subir la puerta con sólo pulsar un botón, por lo que los costes de reparación y mantenimiento se reducen al mínimo.',NULL,0,0,'Ideales para separación de áreas de interior de bodega al exterior, promoviendo grandes aperturas y diferentes acabados.','Sistema Autorreparable, Sensibilidad, Velocidad de Cierre, Celdas de Seguridad, Grandes Aperturas',12,NULL,NULL,'2020-12-31 00:42:41'),(37,'Puertas Rápidas Autorreparable Atex 105 EX','puertas-rápidas-autorreparable-atex-105-ex','Es la mejor solución para instalar en almacenes, laboratorios y cualquier separación de áreas que requiera de un acceso rápido y seguro donde existan ambientes explosivos. Goza también del sistema de autorreparabilidad de Controlsa, lo que reduce los costes de reparación y mantenimiento al mínimo. Es óptima para instalar en ambientes explosivos de cat 2G/2D.',NULL,0,0,'Ideales para ambientes de alta peligrosidad.','Sistema Autorreparable, Sensibilidad, Velocidad de Cierre, Celdas de Seguridad, Grandes Aperturas',12,NULL,NULL,'2020-12-31 00:43:43'),(38,'Puertas Rápidas Autorreparable para Laboratorios 114RL','puertas-rápidas-autorreparable-para-laboratorios-114rl','Es la mejor solución para los accesos y las separaciones de áreas interiores, especialmente indicada para ubicaciones donde limpieza y conservación del aire son imprescindibles, como laboratorios, proporcionando un acceso rápido y seguro.\r\n\r\nIncorpora un sistema que permite, en caso de impacto contra la lona, que ésta se desprenda de las guías para volver a introducirse automáticamente al subir la puerta con sólo pulsar un botón, por lo que los costes de reparación y mantenimiento se reducen al mínimo.',NULL,0,0,'Para zonas donde haya que hermetizar y evitemos el traspaso de bacterias, y salas limpias.','Sistema Autorreparable, Sensibilidad, Velocidad de Cierre, Celdas de Seguridad, Higiene, Rollo Encapsulado',12,NULL,NULL,'2020-12-31 00:44:21'),(39,'Puertas Rápidas Autorreparable Frigorífica 104','puertas-rápidas-autorreparable-frigorífica-104','Es la mejor solución para los accesos y las separaciones de cámaras de congelación, que requieran un acceso rápido y seguro.',NULL,1,0,'Incorpora un sistema que permite, en caso de impacto contra la lona, que ésta se desprenda de las guías para volver a introducirse automáticamente al subir la puerta con sólo pulsar un botón, por lo que los costes de reparación y mantenimiento se reducen al mínimo.\r\nIdeal para zonas donde tengamos que cambiar de temperaturas (Temperatura negativa a positiva), promoviendo mejores pasos.','Aislante, Sistema Autorreparable, Velocidad de Cierre, Celdas de protección, Diferentes medidas',26,NULL,NULL,'2020-12-31 02:31:14'),(41,'Puerta Biport Frigo de Conservación','puerta-biport-frigo-de-conservación','La Biport® Frigorífica, ganadora del Premio Palexpo 2005 reúne en un sólo producto rapidez y estanqueidad, al mismo tiempo que supone una reducción de costes y mantenimiento.',NULL,0,0,'El cerramiento se compone de una puerta para cámara frigorífica (congelación) y una puerta enrollable.\r\n\r\nSu punto fuerte reside en el guiaje de la puerta enrollable, que se realiza por el mismo marco de la puerta frigorífica. Esto permite que todos los componentes de la puerta enrollable puedan colocarse en el exterior de la cámara, evitando así problemas de condensación, hielo o escarcha incluso en la lona, que queda recogida en el tambor al exterior de la cámara una vez está en reposo el sistema.\r\nÚnica puerta en el mercado donde incluye un doble cierre que se adapte a flujos altos o livianos.','Aislante, Sistema Autorreparable, Doble Puerta, Celdas de protección, Diferentes medidas',26,NULL,NULL,'2020-12-31 02:32:04'),(42,'Puertas Rápidas Biport Exterior','puertas-rápidas-biport-exterior','Este nuevo producto de Controlsa aúna en un solo producto rapidez y seguridad, y al mismo tiempo supone de nuevo una reducción de costes y mantenimiento. El cerramineto se compone de una puerta enrollable metálica -para el cierre de la nave mientras no se trabaja- y una puerta enrollable rápida que puede ser Autorreparable® en caso de cierre intermedio entre naves -para el tránsito habitual y el horario de trabajo-.',NULL,0,0,'Acceso donde se requiera de un tráfico intenso y al térmio de operaciones requiera de una protección contra el exterior.\r\nSu punto fuerte reside en el guiaje de la puerta enrollable rápida, que se realiza por el mismo marco de la puerta enrollable metálica. Eso permite que todos los componentes de la puerta enrollable rápida puedan colocarse en el mismo punto, uno debajo del otro, de manera que una misma empresa suministra ambos productos en un solo desplazamiento, con un mayor ahorro de espacio y una menor pérdida de temperatura, así como con un importante ahorro de costes de montaje, mantenimiento y mano de obra.La Biport® Exterior se integra en cualquier hueco, une dos productos en uno y centraliza el control de ambos productos pudiendo realizar programas de funcionamiento a medida.','Acceso Doble, Sistema Autorreparable, Uso en Exteriores',12,NULL,NULL,'2020-12-31 00:45:20'),(43,'Puertas Rápidas Biport® Cortafuegos','puertas-rápidas-biport®-cortafuegos','La Biport® Cortafuegos, es la nueva solución de Controlsa que integra en un sólo sistema el montaje una puerta enrollable para la separación de áreas y rápido acceso y una puerta corredera cortafuegos que actúa como barrera frente al fuego y el calor.',NULL,0,0,'La Biport® Cortafuegos, es la nueva solución de Controlsa que integra en un sólo sistema el montaje una puerta enrollable para la separación de áreas y rápido acceso y una puerta corredera cortafuegos que actúa como barrera frente al fuego y el calor.','La puerta Biport®Cortafuegos es una revolución en instalaciones donde son necesarias ambas funciones suponiendo una reducción de costes, mantenimiento y espacio.\r\n            El cerramiento se compone de una puerta corredera cortafuegos y una puerta enrollable Controlsa S.A., pudiendo ser ésta Autorreparable®, la cual incorpora un sistema que permite, en caso de impacto contra la lona, que ésta se desprenda de las guías para volver a introducirse automáticamente al subir la puerta con sólo pulsar un botón, por lo que los costes de reparación y mantenimiento se reducen al mínimo.',25,NULL,NULL,'2020-12-30 04:36:30'),(44,'Puertas Correderas de Conservación 800FC','puertas-correderas-de-conservación-800fc','La puerta Corredera Frigorífica de Conservación, es un nuevo producto de CONTROLSA S.A. que reúne en un sólo producto rapidez, estanqueidad y funcionalidad.',NULL,0,0,'El cerramiento se compone de una puerta corredera para cámaras frigoríficas de conservación. Un aspecto importante de este nuevo producto es la sencillez y facilidad para montaje y uso.\r\n\r\nEl sistema de la puerta Corredera Frigorífica se integra en cualquier hueco, es un producto al que se le puede realizar programas a medida. Es perfecto para instalar en cámaras frigoríficas en cualquier tipo de industria o empresa.\r\nPuerta para accesos a zona de perecederos, pudiendo ser manual o automática.','Inyección de poliuretano, Marco de Aluminio, Estética, Resistencia a temperaturas',26,NULL,NULL,'2020-12-31 02:32:51'),(45,'Puertas Correderas de Congelación 800CN','puertas-correderas-de-congelación-800cn','La puerta Corredera Frigorífica de Congelación, es un nuevo producto de CONTROLSA S.A. que reúne en un sólo producto rapidez, estanqueidad y funcionalidad.',NULL,0,0,'El cerramiento se compone de una puerta corredera para cámaras frigoríficas de congelación. Un aspecto importante de este nuevo producto es la sencillez y facilidad para montaje y uso.\r\n\r\nEl sistema de la puerta Corredera Frigorífica se integra en cualquier hueco, es un producto al que se le puede realizar programas a medida. Es perfecto para instalar en cámaras frigoríficas en cualquier tipo de industria o empresa.\r\nPuerta para accesos a zona de perecederos, pudiendo ser manual o automática.','Inyección de poliuretano, Marco de Aluminio, Estética, Resistencia a temperaturas',26,NULL,NULL,'2020-12-31 02:33:38'),(46,'Puertas Pivotantes para Frío 810FP','puertas-pivotantes-para-frío-810fp','La puerta pivotante frigorífica de Controlsa es la solución ideal para el paso peatonal en cámaras e instalaciones frigoríficas, tanto para temperaturas de conservación como de congelación.',NULL,0,0,'Una solución ideal para instalaciones en las que se requieran un paso práctico, estético y limpio, y un aislamiento adecuado para la perfecta conservación de los productos del interior y reducción de las pérdidas energéticas.\r\nAccesos peatonales a áreas de congelación o conservación dependiendo especificación.','Inyección de poliuretano, Marco de Aluminio, Estética, Resistencia a temperaturas',26,NULL,NULL,'2020-12-31 02:34:21'),(47,'Rampa Hidráulica HP','rampa-hidráulica-hp','El nivelador de andén hidráulico de la serie HP está diseñado teniendo en cuenta la confiabilidad y la resistencia para sus aplicaciones de trabajo medio a ligero. El “HP” ofrece el mismo funcionamiento uniforme y uniforme con un botón pulsador que la serie H de servicio pesado y la misma seguridad, durabilidad y resistencia integradas.',NULL,0,0,'La limpieza y el mantenimiento fáciles son características de todos los niveladores McGuire. Su presupuesto, su seguridad y un servicio sin problemas son siempre lo primero en McGuire. También se montan con mayor frecuencia en un pozo preformado en el muelle que se usa comúnmente para reducir la pendiente entre el piso del muelle y la plataforma del remolque. Varios tamaños y capacidades permiten una gran cantidad de flexibilidad. Los niveladores hidráulicos tienen características de seguridad adicionales y ahorran tiempo en operación y mantenimiento.\r\nEsta serie viene en anchos estándar de 6 \', 6\'6 ”y 7\' y longitudes estándar de 6 \', 8\' y 10 \'con 12\' y otras longitudes disponibles. Las capacidades estándar son 25K, 30K, 35K y 40K CIR.','Marco de acero estructurales, Protección de fusible de velocidad, Paneles de control integrados, Sistema hidráulico regenerativo',13,NULL,NULL,'2020-12-31 00:47:54'),(48,'Rampa de Patio','rampa-de-patio','La rampa del patio permite que el tráfico se mueva desde el nivel del muelle hasta el suelo o desde el suelo hasta la parte trasera de un camión, lo que ayuda a que la carga y descarga fluya sin problemas.',NULL,0,0,'Las llantas neumáticas industriales de caucho sólido de 18 ”permiten un fácil movimiento de la rampa alrededor de su patio de embarque para tenerlo listo en minutos para comenzar a cargar / descargar. El sistema de ajuste hidráulico permite un ajuste de altura rápido y confiable de la rampa del patio con prácticamente cualquier altura de la plataforma del remolque.\r\nIdeal para cuando no haya zonas \"fijas\" de descarga en un almacén.','Versatibilidad, Estructura para diferentes anchos y capacidades, Abrazadera de Remolque',13,NULL,NULL,'2020-12-31 00:48:53'),(49,'Rampa de Labio Hidráulica HP','rampa-de-labio-hidráulica-hp','Rampas adaptables a espacios ya existentes sin necesidad de hacer obra civil.',NULL,0,0,'El borde de los niveladores de andén de la serie HED representa una unidad operada hidráulicamente de bajo costo que cierra la brecha entre el edificio y el camión donde existe una variación mínima entre el andén y el camión con un rango de trabajo recomendado de +/- 3 ”y un rango de operación máximo de + / -5 ”por encima y por debajo del nivel del muelle. Un control de botón único estándar Nema 4 proporciona una fácil activación de la plataforma y el borde.\r\n\r\nEl \"HED\" tiene un funcionamiento silencioso y confiable a través de un diseño de dos cilindros con plataforma y cilindros de labio. El motor / bomba se monta en un área de fácil acceso en un estante debajo de la unidad. El \"HED\" viene completo con funciones de restauración automática e hidráulica. Una vez que el remolque se retira, la unidad se almacena automáticamente y si el remolque permanece en el muelle, la unidad puede almacenarse hidráulicamente sin necesidad de mover el remolque. Está aprobado por la oficina de correos con el uso de protección contra escorrentía de 3 ”de alto para el carro de correo y la protección del personal. El uso de un borde de 17 ”disponible permite al HED dar servicio a remolques refrigerados.','Adaptabilidad a espacios, Operación suave y consistente, Retorno automático a la posición alamcenada, Operación hidráulica completa',13,NULL,NULL,'2020-12-31 00:51:13'),(50,'Rampa Mecánica MP','rampa-mecánica-mp','El diseño del nivelador de andén mecánico de la serie MP permite la activación de la cadena de tracción con la punta de los dedos con un funcionamiento suave y confiable a través de una leva y un contrapeso de rodillos para asegurar una caminata suave y confiable hasta la plataforma del remolque con capacidad para el andén inferior incluida.',NULL,1,0,'El diseño de sujeción flota con remolques con suspensión neumática y la bisagra de compresión trasera de ancho completo está diseñada para una resistencia superior. Diseñado para satisfacer su presupuesto y ofrecer años de servicio sin problemas. El diseño del bastidor auxiliar permite una limpieza y un mantenimiento sencillos, un sello distintivo de todos los niveladores McGuire. El \"MP\" se fabrica pensando en la seguridad, el servicio sin problemas y su presupuesto. También se montan con mayor frecuencia en un pozo preformado en el muelle que se usa comúnmente para reducir la pendiente entre el piso del muelle y la plataforma del remolque. Varios tamaños y capacidades permiten una gran cantidad de flexibilidad.\r\nVienen en anchos estándar de 6 \', 6\'6 ”y 7\' y longitudes estándar de 6 \', 8\' y 10 \'. Las capacidades estándar son 25K, 30K, 35K, 40K, 45K y 55K CIR.','Marco de acero estructurales, Contrapeso de resortes múltiples, Activación de la cadena de tracción',13,NULL,NULL,'2020-12-31 00:52:33'),(51,'Rampa de Labio Hidráulica Muelle','rampa-de-labio-hidráulica-muelle','Rampas adaptables a espacios ya existentes sin necesidad de hacer obra civil.',NULL,0,0,'El borde de los niveladores de andén de la serie HED representa una unidad operada hidráulicamente de bajo costo que cierra la brecha entre el edificio y el camión donde existe una variación mínima entre el andén y el camión con un rango de trabajo recomendado de +/- 3 ”y un rango de operación máximo de + / -5 ”por encima y por debajo del nivel del muelle. Un control de botón único estándar Nema 4 proporciona una fácil activación de la plataforma y el borde.\r\n\r\nEl \"HED\" tiene un funcionamiento silencioso y confiable a través de un diseño de dos cilindros con plataforma y cilindros de labio. El motor / bomba se monta en un área de fácil acceso en un estante debajo de la unidad. El \"HED\" viene completo con funciones de restauración automática e hidráulica. Una vez que el remolque se retira, la unidad se almacena automáticamente y si el remolque permanece en el muelle, la unidad puede almacenarse hidráulicamente sin necesidad de mover el remolque. Está aprobado por la oficina de correos con el uso de protección contra escorrentía de 3 ”de alto para el carro de correo y la protección del personal. El uso de un borde de 17 ”disponible permite al HED dar servicio a remolques refrigerados.','Adaptabilidad a espacios, Operación suave y consistente, Retorno automático a la posición almacenada, Operación hidráulica completa',13,NULL,NULL,'2020-12-31 01:51:15'),(52,'Rampa de Muelle Accionado por Aire','rampa-de-muelle-accionado-por-aire','El nivelador de andén neumático de la serie MA está diseñado para proporcionar una operación neumática con botón pulsador fácil junto con confiabilidad y resistencia en aplicaciones de trabajo liviano a mediano y algunas aplicaciones pesadas.',NULL,0,0,'El \"MA\" ofrece una alternativa práctica para lograr un funcionamiento uniforme y uniforme con un botón pulsador, como el sistema hidráulico \"H\" y \"HP\", con la misma seguridad, durabilidad y resistencia integradas. La facilidad de limpieza y mantenimiento son características de todos los niveladores McGuire. Su presupuesto, su seguridad y un servicio sin problemas continúan siendo el número uno con McGuire. También se montan con mayor frecuencia en un pozo preformado en el muelle que se usa comúnmente para reducir la pendiente entre el piso del muelle y la plataforma del remolque. Varios tamaños y capacidades permiten una gran cantidad de flexibilidad.\r\n\r\nLos niveladores operados por aire “MA” tienen características de seguridad integradas y ahorran tiempo en operación y mantenimiento.\r\n\r\nVienen en anchos estándar de 6 \', 6\'6 ”y 7\' y longitudes estándar de 6 \', 8\' y 10 \'. Las capacidades estándar son 25K, 30K, 35K, 40K, 45K y 55K CIR.','Adaptabilidad a espacios, Operación suave y consistente, Retorno automático a la posición almacenada, Bolsas Neumáticas',13,NULL,NULL,'2020-12-31 01:52:15'),(53,'Rampa de Andén de Labio Mecánica','rampa-de-andén-de-labio-mecánica','Los niveladores de muelle de la serie MEDLF son unidades de bajo costo destinadas a una flota cautiva de camiones con una altura de plataforma similar.',NULL,0,0,'Normalmente se montan en la cara del muelle y se pueden colocar en un pequeño pozo empotrado. Esta es una alternativa de bajo costo para trabajos livianos al nivelador de andén de tamaño completo estilo foso. También se usa cuando no se puede utilizar un pozo o como una modificación. La serie \"MEDLF\" se utiliza normalmente en un entorno con una diferencia mínima entre la plataforma del remolque y el muelle y la unidad normalmente se monta en el frente del muelle. La operación es un proceso de dos pasos con una manija \"libre de elevación\" para colocar la unidad en el remolque.\r\n\r\nRampas adaptables a espacios ya existentes sin necesidad de hacer obra civil.','Adaptabilidad a espacios, Operación libre de estrés, Fácil de Operar',13,NULL,NULL,'2020-12-31 01:53:31'),(54,'Rampa de Andén Vertical','rampa-de-andén-vertical','McGuire ofrece un nivelador de andén hidráulico de almacenamiento vertical para satisfacer cualquiera de sus necesidades de equipo de andén al tiempo que proporciona bajos costos de propiedad de por vida, la mejor seguridad incorporada y años de servicio sin problemas.',NULL,0,0,'El nivelador VSH ofrece un control ambiental inigualable para aplicaciones sensibles a la temperatura. El diseño de almacenamiento vertical proporciona el sello ambiental más estricto cuando no está en uso. La conveniencia del botón de presión del VSH proporciona un funcionamiento uniforme y uniforme combinado con una dureza y fiabilidad excepcionales.\r\nLos niveladores McGuire VSH se pueden instalar en un solo foso preformado o en un foso estilo estante más largo para múltiples unidades. Varios tamaños y capacidades permiten una gran cantidad de flexibilidad.\r\n\r\nLos niveladores VSH vienen en anchos estándar de 6 \', 6\'6 ”y 7\' y longitudes estándar de 5 \'y 6\' con 8 \'disponibles. Las capacidades estándar para la serie “VSH” son 40K, 45K y 50K CIR.','Controles de encendido y apagado, Mecanismos de bloqueo mecánico e hidráulico, Eficiencia de espacio',13,NULL,NULL,'2020-12-31 01:54:38'),(55,'Rampa Hidráulica para Ferrocariles RRH','rampa-hidráulica-para-ferrocariles-rrh','El nivelador de rampa para vagones de la serie RRH está diseñado estructuralmente para las aplicaciones más exigentes con la conveniencia de presionar un botón para una operación suave y constante, además de una resistencia y confiabilidad excepcionales en las operaciones de muelles ferroviarios más desafiantes.',NULL,0,0,'McGuire ofrece un nivelador de andén hidráulico de rampa de riel para satisfacer sus necesidades de andén de riel al mismo tiempo que proporciona bajos costos de propiedad de por vida y años de servicio sin problemas con la mejor seguridad incorporada de la industria. Normalmente se montan en la cara de la pared, pero también se pueden colocar en un pozo empotrado corto. Varios tamaños y capacidades permiten flexibilidad. Los niveladores de rampa de riel hidráulicos tienen características de seguridad adicionales y ahorran tiempo en operación y mantenimiento.\r\nRampa especial para la descarga de material directa de un vagón de tren a nave de resguardo.','Control de rampa de vagones, Operación encendido y apagado, Movimientos laterales par posicionar en vagón',13,NULL,NULL,'2020-12-31 01:59:42'),(56,'Gancho para retención de andén Hold-Tite','gancho-para-retención-de-andén-hold-tite','El sistema de retención automático de vehículos Hold-Tite® tiene activación por botón con controles de estado sólido PLC (115V / 1PH) y un diseño de perfil bajo, sin impacto, para montaje en pared o entrada.',NULL,0,0,'Equipado con una verdadera fuerza de contención hidráulica positiva, virtualmente elimina el “arrastre del remolque”, una de las principales causas de incidentes en el muelle de carga. Viene de serie con restauración automática y un indicador de luz de precaución ámbar si un remolque no tiene RIG (protector de impacto trasero) o un RIG muy dañado. La anulación con llave para la condición de enclavamiento y la secuencia automática de luces para indicar RIG o no RIG son algunas de las características de seguridad sobresalientes.\r\nEl sistema de retención automático de vehículos Hold-Tite® está construido para durar con una garantía básica completa de dos (2) años en componentes estructurales, hidráulicos y eléctricos y tres (3) años adicionales en componentes estructurales. También cumple con todas las regulaciones actuales de la NHTSA.\r\nRetenedor de vehículos en andenes de carga para prevenir accidentes por arranques del operador.','Sistema RIG, Adaptabilidad para pendientes o tipos de refuerzo de camión, Sistema de comunicación a 3 luces',13,NULL,NULL,'2020-12-31 02:02:09'),(57,'Gancho para retención de andén TPR Unilock','gancho-para-retención-de-andén-tpr-unilock','El TPR UniLock® es el único sistema de sujeción para vehículos colocado en un remolque que puede eliminar automáticamente la presión de la \"cuña RIG\".',NULL,0,0,'La cuña del RIG se produce cuando el remolque se empuja hacia adelante durante la carga / descarga y el protector de impacto trasero (RIG) del remolque aplica tanta presión al gancho del sistema de sujeción que el conductor del camión debe dar marcha atrás con el remolque para soltar el sistema de sujeción. El UniLock tiene un diseño de leva avanzado que primero gira el gancho alejándolo del RIG para eliminar la presión y luego gira hacia abajo a una posición almacenada.\r\n\r\n \r\n\r\nEl sistema de retención de vehículos UniLock también tiene un mecanismo de seguridad interno que bloquea el gancho del sistema de retención en su lugar cuando se aplica presión, manteniendo un acoplamiento seguro. Esto lo hace universalmente efectivo en cualquier protector de impacto trasero (RIG) obstruido, incluidos los remolques intermodales con placas de cubierta que evitan que el gancho del sistema de retención se enganche en la parte superior del RIG.\r\nRetenedor de vehículos en andenes de carga para prevenir accidentes por arranques del operador.','Diseño de Leva avanzado, Sistema de comunicación a 3 luces, Sistema RIG, Sistema de bloqueo',13,NULL,NULL,'2020-12-31 02:05:36'),(59,'Gancho para Retención de Andén TPR','gancho-para-retención-de-andén-tpr','El sistema de sujeción para vehículos en camión McGuire TPR® está diseñado para posicionarse automáticamente y asegurar la protección contra impactos traseros (RIG) del remolque para reducir la probabilidad de una separación prematura del remolque durante el proceso de carga / descarga.',NULL,0,0,'El TPR® está diseñado para soportar una fuerza de tracción de más de 32,000 libras y tiene un rango de servicio de 4 ”a 10” horizontalmente desde la cara de los parachoques del andén y de 9 ”a 30” verticalmente por encima del enfoque de transmisión. El conjunto integral de motor, engranaje y freno está diseñado específicamente para el TPR®. El sistema de retención de vehículos TPR® es altamente adaptable a muelles de carga nuevos o existentes.\r\nRetenedor de vehículos en andenes de carga para prevenir accidentes por arranques del operador.','Sistema RIG, Adaptabilidad para pendientes o tipos de refuerzo de camión, Sistema de comunicación a 3 luces',13,NULL,NULL,'2020-12-31 02:03:47'),(60,'Gancho para retención de andén Stop-Tite Automático','gancho-para-retención-de-andén-stop-tite-automático','El sistema de retención del vehículo Stop-Tite® AAL (operación automática, luces automáticas) se opera con la activación del botón (115V / 1PH).',NULL,0,0,'Viene equipado con una barra de sensor RIG que notifica a los trabajadores del muelle si el brazo del sistema de retención no está bien acoplado con el protector de impacto trasero del remolque.\r\n\r\n \r\n\r\nEl Stop-Tite tiene un diseño de perfil bajo y sin impacto para montaje en pared o entrada. El paquete de energía remoto permite elegir la ubicación de montaje. Se puede montar junto a la restricción, en la pared exterior lejos del remolque de respaldo, dentro de un foso nivelador o colocarse dentro del edificio para facilitar el servicio. Un interruptor selector de anulación, la secuencia automática de luces de las luces interior / exterior roja / verde y los terminales de enclavamiento disponibles están diseñados pensando en la seguridad.\r\nRetenedor de vehículos en andenes de carga para prevenir accidentes por arranques del operador.','Regulado por NHTSA, Secuencia de luz automática, Barra de sensor RIG, Diseño bajo perfil',13,NULL,NULL,'2020-12-31 02:07:56'),(61,'Gancho para retención de andén Stop-Tite Mecánico','gancho-para-retención-de-andén-stop-tite-mecánico','Retenedor de vehículos en andenes de carga para prevenir accidentes por arranques del operador Stop-Tite® M, MML y MAL son restricciones de vehículos que se activan manualmente a través de una manija de operación. Tienen un diseño de perfil bajo y sin impacto para montaje en pared y entrada.',NULL,0,0,'La versión M es de operación manual y solo señales. La versión MML es de operación manual y un sistema de comunicación operado manualmente que se cambia a través de un interruptor selector en un panel de control interno que secuencia las luces interior / exterior roja / verde. La versión MAL viene equipada con un interruptor que secuenciará automáticamente las luces roja / verde interior / exterior. Los paquetes de comunicación ligera también se pueden actualizar a los controles iDock opcionales con una pantalla de mensajes interactiva. El MAL también tiene una barra de sensor RIG que notifica a los trabajadores del muelle si el brazo del sistema de retención no está bien enganchado con el protector de impacto trasero del remolque. Las tres (3) versiones cuentan con una garantía básica completa de un (1) año en todos los componentes estructurales, hidráulicos y eléctricos.\r\n\r\n \r\n\r\nLa versión M es de operación manual y solo señales. La versión MML es de operación manual y un sistema de comunicación operado manualmente que se cambia a través de un interruptor selector en un panel de control interno que secuencia las luces interior / exterior roja / verde. La versión MAL viene equipada con un interruptor que secuenciará automáticamente las luces roja / verde interior / exterior. Los paquetes de comunicación ligera también se pueden actualizar a los controles iDock opcionales con una pantalla de mensajes interactiva. El MAL también tiene una barra de sensor RIG que notifica a los trabajadores del muelle si el brazo del sistema de retención no está bien enganchado con el protector de impacto trasero del remolque. Las tres (3) versiones cuentan con una garantía básica completa de un (1) año en todos los componentes estructurales, hidráulicos y eléctricos.','Soluciónes económicas, Diseño bajo perfil, Barra de Sensor RIG, Comunicación de luces',13,NULL,NULL,'2020-12-31 02:13:38'),(62,'Cabezal Cortina Fijo CC','cabezal-cortina-fijo-cc','Sello de andén con cabezal cortina fijo para sellar en vehículos con diferentes alturas, compuesto de piernas de sección trapezoidal para aumentar el uso del ancho vehicular, así como facilitar el alineamiento del camión del sello.',NULL,0,0,'Aplicaciones: Bodegas secas y refrigeradas útil para: flotilla vehicular con alturas poco variables.','Adaptabilidad, Lonas de 24Oz., Capacidad de reforzar, Soluciones económicas',14,NULL,NULL,'2020-12-31 02:21:39'),(63,'Sello de Andén Sólido Fijo','sello-de-andén-sólido-fijo','Sello de andén para descarga Sólido Fijo que con un cabezal compresible para máximo sellado superior, compuesto por piernas trapezoidales para aumentar el uso del ancho vehicular así como facilitar el alineamiento del camión al sello.',NULL,0,0,'Aplicaciones: Bodegas refrigeradas útil para: flotilla vehicular con alturas similares.','Adaptabilidad, Lonas de 24Oz., Capacidad de reforzar, Soluciones económicas',14,NULL,NULL,'2020-12-31 02:23:09'),(64,'Sello de Andén Cabezal Combinado','sello-de-andén-cabezal-combinado','Sello de andén Cabezal Combinado para máximo sellado en vehículos con diferentes alturas, compuesto por piernas trapezoidales  para aumentar el uso del ancho vehicular así como facilitar el alineamiento del camión al sello.',NULL,0,0,'Aplicaciones: Bodegas secas, refrigeradas Útil para: Flotilla vehicular con alturas variables.','Adaptabilidad, Ajuste de Altura, Lonas de 24 Oz. y 40 Oz',14,NULL,NULL,'2020-12-31 02:23:49'),(65,'Sello de Andén Cabezal Cortina Ajustable Pull-Cord','sello-de-andén-cabezal-cortina-ajustable-pull-cord','Sello de andén Pull-Cord ajustable en vehículos con grandes diferencias de alturas, compuesto por piernas trapezoidales para aumentar el uso del ancho vehicular así como facilitar el alineamiento del camión al sello con lona de 40 Oz.',NULL,0,0,'Aplicaciones: Bodegas secas, refrigeradas útil para: flotilla vehicular con alturas variables.','Adaptabilidad, Ajuste de Altura, Lonas de 24 Oz. y 40 Oz',14,NULL,NULL,'2020-12-31 02:24:21'),(67,'Sello de Andén Cortina Fija Piernas Sección L','sello-de-andén-cortina-fija-piernas-sección-l','Cabezal cortina fija para sellar vehículos con diferentes alturas, con piernas en sección “L” para aumentar el uso del ancho vehicular, facilitando el alineamiento del camión al sello y evitar estorbos a los lados del camión como con los sellos estándares.',NULL,0,0,'Aplicaciones: Bodegas secas y refrigeradas Útil para: Flotilla vehicular con alturas y anchos variables.','Adaptabilidad, Lonas de 24Oz., Capacidad de reforzar, Soluciones económicas, Camiones con mayor Ancho',14,NULL,NULL,'2020-12-31 02:25:33'),(68,'Sello de Andén Cabezal Sólido Piernas Sección L','sello-de-andén-cabezal-sólido-piernas-sección-l','Cabezal sólido fijo compresible para máximo sellado de vehículos, con piernas en sección “L” para aumentar el uso del ancho vehicular, facilitando el alineamiento del camión al sello y evitar estorbos a los lados del camión como con los sellos estándares.',NULL,0,0,'Aplicaciones: Bodegas secas y refrigeradas útil para: flotilla vehicular con alturas y anchos variables','Adaptabilidad, Lonas de 24Oz., Capacidad de reforzar, Soluciones económicas, Camiones con mayor Ancho',14,NULL,NULL,'2020-12-31 02:26:03'),(69,'Sello de Andén de Estructura Rígida Fija','sello-de-andén-de-estructura-rígida-fija','Shelter para acceso de andén con una cortina superior asegurada para ofrecer el máximo rendimiento para pareas refrigeradas o en un entorno de tráfico inenso con la capacidad de adaptarse a diferentes medidas de camión.',NULL,0,0,'Aplicaciones: Bodegas secas y refrigeradas con mejor sellado Útil para: Flotilla vehicular estandarizada o con alturas y anchos variables.','Lona de 40 Oz, Base de Aluminio, Adaptabilidad al Camión',14,NULL,NULL,'2020-12-31 02:26:34'),(70,'Shelter Inflable Ajustable','shelter-inflable-ajustable','Shelter para acceso de andenes que proveen de una protección de 360 grados al momento de realizar maniobras de carga y descarga, compuesta por piernas y cabezal que permiten ajustarse a diferentes medidas de camiones o camionetas de reparto.',NULL,0,0,'Útil para: flotillas vehiculares con medidas muy variables o poco estandarizadas.','Ajuste a diferentes vehículos, Ideal para frío, Función Automática',14,NULL,NULL,'2020-12-31 02:27:03'),(74,'Salidas de Emergencia','salidas-de-emergencia','Las salidas de emergencia son puertas de acero fabricadas bajo estándares de certificación corta fuego como UL y Warnock and Hersey, así mismo nos permiten una evacuación controlada a la hora de un incendio y/o cualquier otro evento, contando con certificados contra fuego.',NULL,0,0,'Las salidas de emergencia protegen la integridad de la gente, al momento de a ver un evento, con capacidad de tener diferentes acabados.','Resistencia al Fuego, Protección, Diferentes Acabados, Acero Galvanizado',16,NULL,NULL,'2020-12-31 03:22:26'),(75,'Acero para Oficinas','acero-para-oficinas','Nuestras puertas de acero fabricadas bajo estándares de certificación corta fuego como UL y Warnock and Hersey, así mismo nos permiten una evacuación controlada a la hora de un incendio y/o cualquier otro evento, contando con certificados contra fuego de 20 min., 45 min., 60 min., 90 min., y 180 min.',NULL,0,0,'Puertas ideales para proteger la integridad de las personas dentro de una oficina, con capacidad de tener diferentes acabados.','Resistencia al Fuego, Protección, Diferentes Acabados, Acero Galvanizado, Herrajes de uso arquitectónico',16,NULL,NULL,'2020-12-31 03:24:53'),(76,'Acero para Baños Públicos','acero-para-baños-públicos','Nuestras puertas de acero fabricadas bajo estándares de certificación corta fuego como UL y Warnock and Hersey, así mismo nos permiten una evacuación controlada a la hora de un incendio y/o cualquier otro evento, contando con certificados contra fuego de 20 min., 45 min., 60 min., 90 min., y 180 min.',NULL,0,0,'Puertas ideales para proteger la integridad de las personas dentro de una oficina, con capacidad de tener diferentes acabados.','Resistencia al Fuego, Protección, Diferentes Acabados, Acero Galvanizado, Herrajes de uso arquitectónico',16,NULL,NULL,'2020-12-31 03:26:34'),(77,'Acero para Bodegas','acero-para-bodegas','Nuestras puertas de acero fabricadas bajo estándares de certificación corta fuego como UL y Warnock and Hersey, así mismo nos permiten una evacuación controlada a la hora de un incendio y/o cualquier otro evento, contando con certificados contra fuego de 20 min., 45 min., 60 min., 90 min., y 180 min.',NULL,0,0,NULL,'Resistencia al Fuego, Adaptabilidad, Herrajes Arquitectónicos, Diferentes tamaños, Diferentes tipo de madera',16,NULL,NULL,'2020-12-31 03:27:37'),(78,'Madera para Oficina','madera-para-oficina','Son puertas con certificación corta fuego las cuales tienen como función primordial salva-guardar la integridad de las personas dentro de un edificio, proveyendo de salidas controladas y sencillas Siendo puertas de fabricación especial colocadas en áreas de oficina donde el tráfico es medio-alto y se requiera de mayor diseño y estética.',NULL,0,0,'Puertas ideales para proteger la integridad de las personas dentro de una oficina, con capacidad de tener diferentes acabados.','Resistencia al Fuego, Adaptabilidad, Herrajes Arquitectónicos, Diferentes tamaños, Diferentes tipo de madera',16,NULL,NULL,'2020-12-31 03:28:42'),(79,'Baños Privados (madera)','baños-privados-(madera)','Son puertas con certificación corta fuego las cuales tienen como función primordial salva-guardar la integridad de las personas dentro de un edificio, proveyendo de salidas controladas y sencillas Siendo puertas de fabricación especial colocadas en áreas de baño donde requiera de mayor diseño y estética.',NULL,0,0,'Son puertas con certificación corta fuego las cuales tienen como función primordial salva-guardar la integridad de las personas dentro de un edificio, proveyendo de salidas controladas y sencillas Siendo puertas de fabricación especial colocadas en áreas de baño donde requiera de mayor diseño y estética.','Teniendo como función primordial controlar el paso del fuego y del humo dentro de un edificio, para proteger la integridad de las personas dentro del edificio\r\n\r\nDiseñadas ponerse en edificios como: Naves industriales, Hoteles, Hospitales o Centros de Convenciones, lugares donde re requieren de puertas de alto desempeño y donde la seguridad sea un objeto principal\r\n\r\nCertificación vs fuego:\r\n\r\n20 minutos, 45, minutos, 60 minutos y 90 minutos\r\n\r\nMedidas estándar:\r\n\r\n3 x 7\r\n\r\n4 x 7\r\n\r\n6 x 7\r\n\r\n8x 7',16,NULL,NULL,'2020-09-16 02:05:44'),(80,'Bodega','bodega','Son puertas con certificación corta fuego las cuales tienen como función primordial salva-guardar la integridad de las personas dentro de un edificio, proveyendo de salidas controladas y sencillas Siendo puertas de fabricación especial colocadas en áreas de baño donde requiera de mayor diseño y estética.',NULL,0,0,'Son puertas con certificación corta fuego las cuales tienen como función primordial salva-guardar la integridad de las personas dentro de un edificio, proveyendo de salidas controladas y sencillas Siendo puertas de fabricación especial colocadas en áreas de baño donde requiera de mayor diseño y estética.','Teniendo como función primordial controlar el paso del fuego y del humo dentro de un edificio, para proteger la integridad de las personas dentro del edificio\r\n\r\nDiseñadas para ponerse en edificios como: Naves industriales, Hoteles, Hospitales o Centros de Convenciones, lugares donde re requieren de puertas de alto desempeño y donde la seguridad sea un objeto principal\r\n\r\nEstas puertas se usan para lugares donde se tengan que guardar cosas de uso cotidiano o simplemente resguardar para el día a día de cualquier empresa, permitiendo controlar el paso de fuego en caso de evento\r\n.\r\nCertificación vs fuego:\r\n\r\n20 minutos, 45, minutos, 60 minutos y 90 minutos\r\n\r\nMedidas estándar:\r\n\r\n3 x 7\r\n\r\n4 x 7\r\n\r\n6 x 7\r\n\r\n8x 7',16,NULL,NULL,'2020-09-09 06:33:56'),(81,'Acceso a Habitaciones (madera)','acceso-a-habitaciones-(madera)','Son puertas con certificación corta fuego las cuales tienen como función primordial salva-guardar la integridad de las personas dentro de un edificio, proveyendo de salidas controladas y sencillas Siendo puertas de fabricación especial colocadas en áreas de baño donde requiera de mayor diseño y estética.',NULL,0,0,'Son puertas con certificación corta fuego las cuales tienen como función primordial salva-guardar la integridad de las personas dentro de un edificio, proveyendo de salidas controladas y sencillas Siendo puertas de fabricación especial colocadas en áreas de baño donde requiera de mayor diseño y estética.','Teniendo como función primordial controlar el paso del fuego y del humo dentro de un edificio, para proteger la integridad de las personas dentro del edificio\r\n\r\nDiseñadas para ponerse en edificios como: Naves industriales, Hoteles, Hospitales o Centros de Convenciones, lugares donde re requieren de puertas de alto desempeño y donde la seguridad sea un objeto principal\r\n\r\nEstas puertas otorgan una protección adicional cuando un huésped tenga que evacuar el edificio, proveyendo a este mismo de tiempo suficiente de buscar por una salida de emergencia \r\n\r\nCertificación vs fuego:\r\n\r\n20 minutos, 45, minutos, 60 minutos y 90 minutos\r\n\r\nMedidas estándar:\r\n\r\n3 x 7\r\n\r\n4 x 7\r\n\r\n6 x 7\r\n\r\n8x 7',16,NULL,NULL,'2020-09-16 02:05:36'),(82,'Hiresa 6000','hiresa-6000','Las cortinas metálicas  de HIRESA están diseñadas por computadora con principios y diseños probados en el tiempo, resultando en una puerta enrollable de alto rendimiento y bien construida. ',NULL,1,0,'Las cortinas metálicas  de hiresa están diseñadas por computadora con principios y diseños probados en el tiempo, resultando en una puerta enrollable de alto rendimiento y bien construida. \r\nIdeales para lugares donde el espacio sea reducido y requieran de una puerta que no ocupe mucho espacio y sea muy versátil, adaptándose a diferentes tipos de aperturas y/o fijaciones con la modalidad para escoger entre una cortina de operación manual o de operación automática, han sido diseñadas para superar la mayor de las expectativas del mercado viniendo así en varios calibres a escoger, las cortinas pueden ocupar diferentes tamaños y/o diseños como: micro-perforada, fenestrada, curva o plana.','Medidas:\r\nCalibre 18: 30\'0 \"ancho máx. Estándar por 28\'4\" máx. Estándar altura\r\nSlat: \r\nPlano, curvo\r\nCalibre 20: 22\'4 \"ancho máx. Estándar por 24\'4\" máx. Estándar altura\r\nSlat:\r\nPlano, curvo\r\nCalibre 22: 20\'4 \"maximo estanda ancho por 20\'4 \"altura máximo Estándar\r\nSlat:\r\nPlano, curvo\r\nCalibre 22 acero inoxidable: 18\'4\" máximo estándar por 20\'4\" máximo estándar\r\nSlat:\r\nPlano\r\nCalibre 24: 12\'0\" máximo estándar por 14\'4\" máximo estándar\r\nSlat:\r\nPlano',17,NULL,NULL,'2020-09-03 11:59:20'),(86,'Hiresa Contra Fuego 7500','hiresa-contra-fuego-7500','Las persianas contra incendios estándar están construidas para ajustarse a dimensiones específicas de hasta 13\'0\" de ancho, 8’4\" de alto.',NULL,0,0,'Las persianas contra incendios estándar están construidas para ajustarse a dimensiones específicas de hasta 13\'0\" de ancho, 8’4\" de alto.\r\nU.L. etiquetados para la instalación en paneles de yeso, mampostería y construcción de acero aprobados, las persianas contra incendios de la serie 7500 cumplen con todos los U.L. requisitos para mostradores y aberturas de ventanas.','• U.L. de 45 minutos, 90 minutos y 3 horas. Etiquetas con total conformidad con las normas NFPA-80.\r\n• La cortina estándar presenta listones de acero galvanizado por inmersión en caliente, pintados en caliente, de 1-1 / 2\".\r\n• Cortina y guías de acero inoxidable opcionales disponibles en acabado n.°4.\r\n• Compre guías pintadas en un negro brillante medio y combina bien con muchos acabados de cortina estándar y con recubrimiento en polvo.\r\n• El gobernador viscoso confiable proporciona pruebas de caída suaves y silenciosas.\r\n• Realice pruebas de caída y restablezca fácilmente con un mínimo de tiempo de inactividad para garantizar la disponibilidad operativa.\r\n• Diseñado para configuraciones de montaje frontal y de montaje entre jambas.\r\n• La operación de empuje manual es estándar para todas las persianas contra incendios de hasta 10\'4 \"x 8’4\".\r\n• La operación de manivela con toldo reducido es opcional para todas las persianas contra incendios y es estándar para puertas de más de 10\'4\".\r\n• Las cerraduras de los pernos deslizantes de la barra inferior son estándar con el bloqueo del cilindro opcional.\r\n• Se proporcionan enlaces fusibles de 165 grados como dispositivos de detección / liberación estándar.\r\n• Se puede instalar con todos los dispositivos de detección y liberación aprobados.\r\n• La capucha atractiva y compacta está diseñada para una máxima eficiencia en áreas estrechas.',17,NULL,NULL,'2020-09-09 06:49:39'),(87,'Cortinas Anti-Huracán Hiresa','cortinas-anti-huracán-hiresa','Cortinas fabricadas en México, han sido construidas para defender la integridad de un inmueble de grandes vientos como: nortes y huracanes. proveyendo de una constitución rígida estas cortinas han demostrado ser superior en todos sus aspectos, desde diseño teniendo dos refuerzos de interiores, hasta su sistema de fijación a base de tornillos de tungsteno, convirtiéndola así en la mejor solución no sólo para la industria y los comercios, sino para los hogares donde requieren de una protección mayor contra las fuerzas de la naturaleza y todo lo que pueda traer en su interior los vientos.',NULL,0,0,'Cortinas fabricadas en México, han sido construidas para defender la integridad de un inmueble de grandes vientos como: nortes y huracanes. proveyendo de una constitución rígida estas cortinas han demostrado ser superior en todos sus aspectos, desde diseño teniendo dos refuerzos de interiores, hasta su sistema de fijación a base de tornillos de tungsteno, convirtiéndola así en la mejor solución no sólo para la industria y los comercios, sino para los hogares donde requieren de una protección mayor contra las fuerzas de la naturaleza y todo lo que pueda traer en su interior los vientos.','Debido a su construcción en aluminio extruido son capaces de resistir a la intemperie y a zonas donde la salinidad sea un problema, para aguantar igualmente hasta 250 km/hr\r\n            pudiendo así cubrir distintas aperturas de hasta 35 metros cuadrados a poder colocarse de diferentes formas dentro de un vano.\r\n            gracias a su accionamiento automático demuestran ser prácticas y sencillas de usar, reduciendo así el esfuerzo al momento de usarlas.\r\n            una característica más es su diseño para permitir la filtración de sol  para proveer de iluminación cuando se requiera, así de sombre cuando este mismo se pida.',17,NULL,NULL,'2020-09-09 06:52:01'),(88,'Express Gate','express-gate','El control de acceso express gate de manusa está compuestos por un elegante mueble que sirve de soporte a los paneles de vidrio deslizantes, las fotocélulas de seguridad, los lectores de control de acceso y el sistema exclusivo de Manusa para la apertura de paneles con total seguridad.',NULL,0,0,'El control de acceso express gate de manusa está compuestos por un elegante mueble que sirve de soporte a los paneles de vidrio deslizantes, las fotocélulas de seguridad, los lectores de control de acceso y el sistema exclusivo de Manusa para la apertura de paneles con total seguridad.','Son sistemas que nos permiten supervisar el acceso de personas a edificios de oficinas, instalaciones deportivas, zonas de ocio, etc, con capacidad de adaptarse a sistemas de seguridad o controles de acceso existentes, permitiéndole integrarse en diferentes proyectos arquitectónicos.',18,NULL,NULL,'2020-09-09 06:54:27'),(89,'Slim Gate','slim-gate','Los Slim Gate son la última novedad en sistemas de control de acceso donde la seguridad, el alto nivel de confort para el usuario y el diseño más exigente son esenciales, de la mano de paneles de accionamiento batientes.',NULL,0,0,'Los Slim Gate son la última novedad en sistemas de control de acceso donde la seguridad, el alto nivel de confort para el usuario y el diseño más exigente son esenciales, de la mano de paneles de accionamiento batientes.','Son sistemas que nos permiten supervisar el acceso de personas a edificios de oficinas, instalaciones deportivas, zonas de ocio, etc, con capacidad de adaptarse a sistemas de seguridad o controles de acceso existenes, permitiéndole integrarse en diferentes proyectos arquitectónicos.\r\n            Teniendo la capacidad de que puedan integrarle sistemas de reconocimiento facial, así como tarjetas RFID, huellas dactilares.',18,NULL,NULL,'2020-09-09 06:54:47'),(90,'Pasillos Anti-Retorno Torán','pasillos-anti-retorno-torán',NULL,NULL,0,0,'El pasillo anti-retorno Torán es un pasillo para control de acceso que ha sido especialmente concebido para satisfacer las necesidades de seguridad de aeropuertos, terminales marítimas o ferroviarias e infraestructuras de transporte público en general.','Este sistema tiene como función controlar el flujo de personas una vez llegado a una terminal, preveniendo que estos puedan regresar a áreas, dando así un flujo de gente mejor dentro de áreas.\r\n            Su sistema de puertas permite una interacción sueva y práctica por su movimiento oscilante, con la capacidad de detectar si el peatón se mueve para adelante o para atrás.',18,NULL,NULL,'2020-09-04 04:15:12'),(91,'Swing Gate','swing-gate','Combinables con otros dispositivos como torniquetes y pasillos para proveer a la instalación de un acceso adaptado a necesidades especiales.',NULL,0,0,'Combinables con otros dispositivos como torniquetes y pasillos para proveer a la instalación de un acceso adaptado a necesidades especiales.','Son sistemas que nos permiten supervisar el acceso de personas a edificios de oficinas, instalaciones deportivas, zonas de ocio, etc, con capacidad de adaptarse a sistemas de seguridad o controles de acceso existenes, permitiéndole integrarse en diferentes proyectos arquitectónicos.\r\n            Teniendo la capacidad de que puedan integrarle sistemas de reconocimiento facial, así como tarjetas RFID, huellas dactilares.',18,NULL,NULL,'2020-09-09 06:55:05'),(92,'LWP6','lwp6','Puertas impactables dobles en aluminio diseñadas para aplicaciones ligeras y económicas, generalmente usadas en: panaderías, restaurantes, comedores y su flujo no sea tan alto.',NULL,0,0,'Puertas impactables dobles en aluminio diseñadas para aplicaciones ligeras y económicas, generalmente usadas en: panaderías, restaurantes, comedores y su flujo no sea tan alto.','De la mano de un acabado anodizado transparente volviéndola atractiva a la vista y de fácil limpieza de la mano de su sistema Easy Swing convirtiéndola en la puerta de impacto más ligera del mercado por más de 30 años.',19,NULL,NULL,'2020-09-09 06:55:10'),(93,'HCP-10','hcp-10','Puertas impactables diseñadas para apliaciones como: Autoservicios, Centros Comerciales, Industria ligera, donde requieran de un tráfico medio de personal, con los que su placa de pateo evitará el golpe con la hoja.',NULL,0,0,'Puertas impactables diseñadas para apliaciones como: Autoservicios, Centros Comerciales, Industria ligera, donde requieran de un tráfico medio de personal, con los que su placa de pateo evitará el golpe con la hoja.','Los paneles están texturizados en ambos lados de la mano de su sistema Easy Swing conviertiéndola en la puerta de impacto más ligera del mercado por más de 30 años, con juntas perimetrales para aplicaciones en frío. Con opción a elegir en varios colores. ',19,NULL,NULL,'2020-09-09 06:55:56'),(94,'FX-900','fx-900','Puertas impactables diseñadas para apliaciones como: Autoservicios, Centros Comerciales, Industria pesada, donde requieran de un tráfico alto, adaptándose así a diferentes medidas.',NULL,0,0,'Puertas impactables diseñadas para apliaciones como: Autoservicios, Centros Comerciales, Industria pesada, donde requieran de un tráfico alto, adaptándose así a diferentes medidas.','Los paneles cuentan con refuerzos internos los cuales aseguran su alto rendimiento y resistencia a golpes en ambos lados de la mano de su sistema V-CAM la cual permite que tenga un funcionamiento suave.',19,NULL,NULL,'2020-09-09 06:56:10'),(95,'LWP3','lwp3','Puertas impactables sencillas en aluminio diseñadas para aplicaciones ligeras y económicas, generalmente usadas en: panaderías, restaurantes, comedores y su flujo no sea tan alto.',NULL,0,0,'Puertas impactables sencillas en aluminio diseñadas para aplicaciones ligeras y económicas, generalmente usadas en: panaderías, restaurantes, comedores y su flujo no sea tan alto.','De la mano de un acabado anodizado transparente volviéndola atractiva a la vista y de fácil limpieza de la mano de su sistema Easy Swing convirtiéndola en la puerta de impacto más ligera del mercado por más de 30 años.',19,NULL,NULL,'2020-09-09 06:56:44'),(96,'HCG-10','hcg-10','Puertas impactables diseñadas para apliaciones como: Autoservicios, Centros Comerciales, Industria ligera, donde requieran de un tráfico medio de la mano de pallets, con los que su bumper evitará el golpe con la hoja.',NULL,0,0,'Puertas impactables diseñadas para apliaciones como: Autoservicios, Centros Comerciales, Industria ligera, donde requieran de un tráfico medio de la mano de pallets, con los que su bumper evitará el golpe con la hoja.','Los paneles están texturizados en ambos lados de la mano de su sistema Easy Swing conviertiéndola en la puerta de impacto más ligera del mercado por más de 30 años, con juntas perimetrales para aplicaciones en frío. Con opción a elegir en varios colores.',19,NULL,NULL,'2020-09-09 06:57:12'),(97,'Raised Panel','raised-panel','Puertas Seccionales de garaje con alta resistencia, aisladas totalmente de metal, mantenimiento esporádico, las cubiertas están diseñadas con acero texturizados y/o pre-acabados en madera rellenas de poliuretano de alta densidad libre de CFC para brindar una máxima protección ante las adversidades climáticas.',NULL,0,0,'Puertas Seccionales de garaje con alta resistencia, aisladas totalmente de metal, mantenimiento esporádico, las cubiertas están diseñadas con acero texturizados y/o pre-acabados en madera rellenas de poliuretano de alta densidad libre de CFC para brindar una máxima protección ante las adversidades climáticas.','Diferentes Acabados, Atemporal, Protección contra el calor o frío, Diferentes tonos y/o acabados, Grandes dimensiones',5,NULL,'2020-08-19 15:10:59','2020-12-29 23:45:27'),(98,'Stamped Carriage House','stamped-carriage-house','Puerta Seccional con diferentes acabados de madera como: Mahogany, Cedro, Roble Oscuro, Roble Claro, Roble Carbón, Nuez.',NULL,0,0,'Conservamos la imagen elegante y sutil de nuestros modelos premier, un modelo ideal para cocheras panorámicas totalmente de aparente madera con la durabilidad y calidad que necesitas.','Diseño moderno, Book Match, Relieves en madera, Diferentes tonos, Posibilidad de herrajes',5,NULL,'2020-08-19 15:12:06','2020-12-29 23:46:07'),(99,'Skyline','skyline','Puerta Seccional de acero al ras para una superficie completamente lisa. Disponible con opción de vidrio tintado sin marco en cualquier sección, proporcionando una transición perfecta de una superficie a la siguiente.',NULL,0,0,'Puertas Seccionales de Garaje  que encarnan el diseño minimalista, las puertas Sterling combinan de manera única vidrio y acero para un perfil ultra elegante.\r\nDiseño libre, superficie texturizada disponible en colores lisos y acentos de madera resaltan el estilo y colocación de múltiples tamaños de ventana y con opciones de panel de vidrio ofrecen una vista más elegante y limpia para la vista del portón.','Diseño moderno, Protección contra el calor or frío, Adaptable a diferentes espacios, Estético',5,NULL,'2020-08-19 15:12:36','2020-12-29 23:46:49'),(100,'Sterling','sterling','Puerta Seccional de acero al ras para una superficie completamente lisa. Disponible\r\ncon opción de vidrio tintado sin marco en cualquier sección, proporcionando una transición perfecta de una superficie a la siguiente.',NULL,0,0,'ecciones exteriores de 2” de grosor, formadas con acero de alta calidad tensado y galvanizado calibre 25 y acero interior calibre 27 con los revestimientos texturizados de granos de madera de aluminio vienen pre-acabados con el mismo color que el del portón y están mecánica y químicamente unidos a la puerta. Disponible en diferentes acabados. La encarnación del diseño minimalista, las puertas Sterling combinan de manera única vidrio y acero para un perfil ultra elegante.\r\nPuertas Seccionales de garaje de acabado liso para una apariencia más limpia y elegante, o con la opción de un vidrio tintado en cualquier o todas las seccionales, dando un aspecto infinito y de transición de un acabado al siguiente.','Diseño Contemporáneo, Adaptable, Tabla de Acabados, Protección Contra el Calor o Frío',5,NULL,'2020-08-19 15:15:00','2020-12-29 23:47:44'),(101,'Accents','accents','Puerta Seccional con diferentes acabados de madera como: Mahogany, Cedro, Roble Oscuro, Roble Claro, Roble Carbón, Nuez.',NULL,1,0,'Puertas Seccionales de Garaje imitación madera, ideales para hogar o negocio, modelo que brinda durabilidad y estética, requiere bajo mantenimiento. Un modelo versátil que ofrece durabilidad ante cualquier aplicación. Secciones exteriores de 2” de grosor, formadas con acero de alta calidad tensado y galvanizado calibre 25 y acero interior calibre 27 con los revestimientos texturizados de granos de madera de aluminio vienen pre-acabados con el mismo color que el del portón y están mecánica y químicamente unidos a la puerta.','Relieves, Book Match, Protección Contra el calor o Frío, Resistente, Vetado tipo madera, Adaptable a diferentes espacios',5,NULL,'2020-08-19 15:21:48','2020-12-29 23:48:42'),(102,'Overlay Carriage House','overlay-carriage-house','Puerta Seccional con diferentes acabados de madera como: Mahogany, Cedro, Roble Oscuro, Roble Claro, Roble Carbón, Nuez.',NULL,0,0,'Modelo de la serie 5300 y 5600 de nuestra gama de portones, tiene secciones de base con aislamiento en poliestireno libre de CFC y un grosor de 2”.\r\n\r\nLos relieves estilo Accents de acero con adhesivo de alto rendimiento vienen con un terminado de fábrica en blanco, almendra o arena. Para los portones o puertas americanas seccionales en color almendra o arena.\r\n\r\nUn conjunto de herrajes con horquillas decorativas en estándar en todos los portones. los diseños opcionales Barcelona o de hierro forjado transmiten una apariencia antigua','Diseño moderno, Book Match, Relieves en madera, Diferentes tonos, Posibilidad de herrajes',5,NULL,'2020-08-19 15:23:46','2020-12-29 23:50:43'),(103,'Full View','full-view','Puerta Seccional con posibilidad de distintos acabados a escoger, con mayor visibilidad',NULL,0,0,'Para su aplicación residencial de vista completa de la serie 3295, diseño arquitectónico y estético, gran fuerza y resistencia para su seguridad.\r\n\r\nLa construcción de montantes de aluminio de 2” de estilo con larguero del bastidor con ranuras y lengüetas proporciona fuerza en las articulaciones superiores.\r\n\r\nLos largueros superiores e inferiores de 4” y el intermedio de 2” crean una fuerza perimetral adicional.\r\n\r\nLos herrajes calibre 14 de alta resistencia ofrecen estabilidad y larga vida útil.\r\n\r\nLos rodillos de 10 bolsas de larga duración aseguran una operación eficiente y consistente.','Diseño Atemporal, Opción Insulado, Diferentes tipos de vidrio',5,NULL,'2020-08-19 15:33:40','2020-12-29 23:51:55'),(104,'Tub','tub','Sistemas de automatización para cortinas, toldos y persianas Era Inn.',NULL,0,0,'Sistemas de automatización para cortinas, toldos y persianas Era Inn, la gama de motores tubulares silenciosos y versátiles para automatizar cortinas interiores, se amplía con nuevas soluciones para cumplir las múltiples exigencias de montaje.','Confort\r\nAlineación perfecta en todas las condiciones de carga, en apertura y en cierre, en marcos de instalación con varios motores incluso con cortinas y rodillos de varias dimensiones.\r\n\r\nInteligente\r\nFunción de detección de obstáculos, activable en las maniobras de subida y bajada.\r\nInstalación y uso sencillos\r\n\r\nPulsadores para la regulación precisa y rápida de los fines de carrera y LED bicolor de diagnóstico, situados en la cabeza del motor.',6,NULL,'2020-08-25 06:31:31','2020-09-04 01:36:13'),(105,'Walky1024','walky1024','Para puertas batientes con una hoja de hasta 1,8 m. Indicado especialmente para puertas pequeñas de madera o de PVC.',NULL,0,0,'Para puertas batientes con una hoja de hasta 1,8 m. Indicado especialmente para puertas pequeñas de madera o de PVC.','Motorreductor electromecánico irreversible, 24 Vdc, con brazo articulado.\r\nUltra compacto: Es ideal para puertas para peatones, aconsejado para columnas pequeñas (8 cm de anchura).\r\nSeguro: Gracias al motor irreversible y al brazo de seguridad con fin de carrera mecánico de cierre integrado (con instalación de brazo entero).\r\nPráctico: Gracias al brazo articulado es posible instalarlo en condiciones especiales, como por ejemplo ante la presencia de tapiales u obstáculos adyacentes a la columna.',20,NULL,'2020-08-25 06:52:39','2020-09-09 07:56:48'),(106,'Wingo3524 HS','wingo3524-hs','Para el accionamiento rápido de puertas batientes con hojas de hasta 3 m o 200 Kg.',NULL,0,0,'Ideal para aplicaciones residenciales. Motorreductor electromecánico de montaje exterior, 24 Vdc, con encoder magnético. Asegura maniobras rápidas: apertura a 90° en 10* segundos aproximadamente.','Diseño estético, Carcasa resitente a intemperies, Manillas de desbloqueo, Silencioso, Robusto',23,NULL,'2020-08-25 06:53:10','2020-12-30 22:40:32'),(107,'Too3000','too3000','Para puertas batientes con hojas de hasta 2,90 m. Telescópica motorreductor eletromecánico, montados en superficie. Ideal para uso residencial.',NULL,0,0,'Para puertas batientes con hojas de hasta 2,90 m. Telescópica motorreductor eletromecánico, montados en superficie. Ideal para uso residencial.','Fácil de instalar gracias a los nuevos soportes de fijación trasera fácilmente ajustable. \r\nSin soldadura.\r\nLiberación práctica con llave personalizada Nice\r\nen la parte superitor del motor.\r\nUnidad de control recomendada: Mindy A60.\r\nTambién disponible en soluciones prácticas del kit.',20,NULL,'2020-08-25 06:53:33','2020-09-09 07:57:16'),(108,'Toona 4024','toona-4024','Operador de puertas abatibles de hasta 5.00 metros o 500 kilos.',NULL,1,0,'Para puertas batientes con hojas de hasta 3m. Motorreductor electromecánico de montaje externo, disponible también en la versión 24 Vdc, con encoder mangético. Ideal para uso residencial.','Diseño estético, Carcasa resitente a intemperies, Manillas de desbloqueo, Aperturas y cierres Rápidos, Silencioso, Robusto',20,NULL,'2020-08-25 06:54:02','2020-12-30 04:39:05'),(109,'Toona 7024','toona-7024','Operador de puertas abatibles de hasta 7.00 metros o 700 kilos.',NULL,0,0,'Para puertas batientes con hojas de hasta 7m. Motorreductor electromecánico de montaje externo. Alimentado con 24 Vdc, con encoder magnético. Gracias a la carcasa formada de dos cubiertas de aluminio con pintura de poliéster; más resistentes a los agentes atmosféricos.','Diseño estético, Carcasa resitente a intemperies, Manillas de desbloqueo, Aperturas y cierres Rápidos, Silencioso, Robusto',20,NULL,'2020-08-25 06:54:26','2020-12-29 22:28:22'),(110,'Hyppo 7000','hyppo-7000','Para puertas batientes con hojas de hasta 3 m, también con columnas grandes.',NULL,0,0,'Para puertas batientes con hojas de hasta 3 m, también con columnas grandes.','Motorreductor electromecánico irreversible, también en la versión 24 Vdc con encoder magnético, de brazo articulado, montaje de superficie.\r\nInstalación rápida y fácil gracias a la disminución de las conexiones, ninguna soldadura a la puerta.\r\nSilencioso, disposición patentada de los componentes interiores y tornillo tuerca de bronce.',20,NULL,'2020-08-25 06:54:47','2020-09-09 07:58:11'),(111,'ROAD 400 / 600','road-400-/-600','Para puertas correderas de hasta 400 kg (RB400), 600 kg (RB600) y 1000 kg (RB1000).',NULL,1,0,'Para puertas correderas de hasta 400 kg (RB400), 600 kg (RB600) y 1000 kg (RB1000).\r\nGracias al sistema BlueBUS que permite realizar conexiones sólo con dos hilos entre la central de mando y hasta 7 pares de fotocélulas de la serie MoonBus, los dispositivos de mando, de seguridad y de indicación. Con central de mando y baterías compensadoras PS124 (opcionales) conectables mediante un cómodo conector con enganche guiado. Desbloqueo con manilla de aluminio y de apertura fácil.','Sencillo, Cómodo, Inteligente, Autodiagnóstico con indicación con destello, 8 niveles de programación, Seguro, Robusto, Silencioso',3,NULL,'2020-08-25 06:56:43','2020-12-29 21:42:33'),(112,'ROBUS 600','robus-600','Para puertas correderas de hasta 600 kg.',NULL,0,0,'Para puertas correderas de hasta 600 kg.','Sencillo: gracias al sistema BlueBUS que permite realizar conexiones sólo con dos hilos entre la central de mando y hasta 7 pares de fotocélulas de la serie MoonBus, los dispositivos de mando, de seguridad y de\r\nindicación.\r\nCómodo: central de mando y baterías compensadoras PS124 (opcionales) conectables mediante un cómodo conector con enganche guiado.\r\nInteligente: gracias a la detección de obstáculos y a la programación automática de los tiempos de trabajo.\r\nAutodiagnóstico con indicación con destello. 8 niveles de programación.\r\nSeguro: aceleración y deceleración regulables al comienzo y al final de cada movimiento.\r\nRobusto: desbloqueo con manilla de aluminio y de apertura facil.\r\nSilencioso: motorreductor sobre cojinetes.',3,NULL,'2020-08-25 06:57:06','2020-09-08 01:04:46'),(113,'Light 500R','light-500r','Operador ideal para portones corredizos de hasta 400 kilos, con necesidad de cierre rápido.',NULL,0,0,'El control deslizante Light 500R fue elegido el fabricante de automóviles con el mejor diseñador del mercado y ganó un premio \"Oscar Niemeyer\". Su desbloqueo lateral aporta facilidad y comodidad para el manejo del consumidor, cuando sea necesario, además de armonizar con todo el conjunto.\r\n\r\nCon carenado fabricado en polímero con protección UV, la corredera Light 500R tiene una mayor resistencia a la intemperie, aumentando su vida útil además de ser única . Siendo una evolución del autómata Light, el Light 500R trae en su concepción la preocupación por la armonía del medio ambiente y las tendencias europeas además del robusto motor de ½ caballo.','Diseño ergonómico, Alta Velocidad, Fácil Instalación, Soft Closing, Accionamiento Retrasado opcional',3,NULL,'2020-08-25 06:58:16','2020-12-29 21:41:36'),(120,'Etiqueta TAG UHF','etiqueta-tag-uhf','La etiqueta adhesiva CR4 fue desarrollado para uso en los sistemas de control de acceso en condominios.',NULL,0,0,'Proporcionan mayor comodidad y seguridad a los usuarios del sistema con la identificación del usuario y / o apertura de la puerta o cancela con una distancia de hasta 6m de la antena. El sistema de grabación de información encriptada, garantiza la integridad de la información y la seguridad del dispositivo.',NULL,24,NULL,'2020-08-25 15:18:03','2020-12-30 00:28:41'),(122,'M3Bar','m3bar','Barrera o Pluma de estacionamiento ideal para accesos de alto flujo.',NULL,0,0,'MBAR es la línea de barreras de estacionamiento NICE de alto desempeño que aporta mayor resistencia y rapidez, aplicada en lugares con alto flujo de vehículos como estacionamientos, condominios, industrias, establecimientos comerciales y universidades. A través de su diseño innovador y componentes de alta gama, MBAR opera de manera confiable y duradera. Disponible en versiones 3m / 4m / 5m, carenado de acero con tratamiento protector y pintado en naranja o opción acero inoxidable.','Luces Indicadoras, Barra de diseño elíptico, Ahorro de energía por modo espera, Protección IP54, Alto Flujo',2,NULL,'2020-09-02 11:48:56','2020-12-29 21:34:07'),(123,'Puerta Giratoria Estándar Manual','puerta-giratoria-estándar-manual','Las puertas giratorias automáticas están disponibles en los siguientes acabados: acero inoxidable 304 o 316, latón, aluminio lacado o anodizado, madera, acabados espejo y acabados RAL.',NULL,0,0,'Las puertas giratorias manuales son diseñado\r\nespecialmente para entradas donde la\r\ndurabilidady economía son los objetivos\r\nprincipales. Estas puertas hechas de aluminio y\r\nvidrio tienen la capacidad de serhecho\r\nautomático siempre que se solicite.\r\nEsta diseñada especialmente para entradas\r\ndonde la durabilidad y la economía son los\r\nobjetivos principales. Estas puertas; hecho\r\ndealuminio y vidrio, tienen la capacidad de\r\nhacerse automáticos cuando se solicite.Si las\r\ncondiciones son difíciles y desea una solución de\r\nentrada económica quecomplete el diseño\r\nexterior de su edificio MANUSA manual\r\ngiratoria están hechas para ti.','Tráfico alto y mediano, Diferentes Acabados, Aislamiento Térmico y acústico, Sistema Antipánico',10,NULL,'2020-09-03 12:22:11','2020-12-30 03:50:19'),(124,'Puertas Giratorias Estándar Automática','puertas-giratorias-estándar-automática','Las puertas giratorias automáticas están disponibles en los siguientes acabados: acero inoxidable 304 o 316, latón, aluminio lacado o anodizado, madera, acabados espejo y acabados RAL.',NULL,0,0,'Las puertas giratorias automáticas están especialmente diseñadas para mantener la climatización del interior de los edificios y cubrir los más altos requerimientos de funcionalidad. Gracias a su avanzada tecnología y a su diseño vanguardista, otorgan elegancia y singularidad a la entrada al mismo tiempo que velan por la seguridad de los usuarios. Desde Manusa somos conscientes que los edificios requieren soluciones que garanticen entradas no sólo seguras y funcionales, sino que también se integren con el conjunto arquitectónico. Por ello, este tipo de puertas están concebidas para adaptarse a cualquier tipo de proyecto garantizando la máxima eficiencia energética y calidad. Las puertas giratorias automáticas de Manusa son ideales para proyectos arquitectónicos de primer nivel gracias a su alta calidad y adaptabilidad. Además, permiten satisfacer íntegramente las necesidades de cada caso garantizando un perfecto aislamiento térmico y acústico así como evitando corrientes de aire y fluctuaciones de temperatura.','Tráfico alto y mediano, Diferentes Acabados, Aislamiento Térmico y acústico, Sistema Antipánico',10,NULL,'2020-09-03 12:25:47','2020-12-30 03:50:52'),(125,'Puerta Giratoria Gran Diámetro','puerta-giratoria-gran-diámetro','Las puertas giratorias automáticas gran diámetro de Manusa están diseñadas especialmente para entradas con tránsito peatonal elevado.',NULL,0,0,'Las puertas giratorias automáticas gran diámetro de Manusa están diseñadas especialmente para entradas con tránsito\r\npeatonal elevado.\r\nLa serie de puertas giratorias automáticas gran diámetro de Manusa le ofrece la oportunidad de tener un paso amplio en condiciones de tránsito elevado, a la vez que un aspecto estético y distinguido. Obtendrá un rendimiento alto y fiable, un aislamiento máximo, un acceso suave e incluso marcará la diferencia desde el punto de vista ornamental.',NULL,22,NULL,'2020-09-03 12:27:49','2020-09-30 02:43:40'),(126,'Puerta Giratoria Transparente Manual','puerta-giratoria-transparente-manual','Las puertas giratorias automáticas están disponibles en los siguientes acabados: acero inoxidable 304 o 316, latón, aluminio lacado o anodizado, madera, acabados espejo y acabados RAL.',NULL,0,0,'La puerta giratoria de vidrio se completa de\r\nvidrio y perfiles mínimos de acero inoxidable.\r\nEstá diseñado para encajar sin esfuerzo en\r\nfachadas transparentes.Además de todas estas\r\nfunciones, también te proporciona aislamiento y\r\nflujo suave de revoluciones estándar puertas.\r\nPerfecta armonía de laminado y gafas\r\nmanipuladas con perfiles delgados de acero\r\ninoxidable y piso fabricado a medida, este tapete son solo algunas de las especificaciones\r\ndestacadas de las puertas giratorias.','Tráfico alto y mediano, Diferentes Acabados, Aislamiento Térmico y acústico, Sistema Antipánico',10,NULL,'2020-09-03 12:29:23','2020-12-30 03:53:07'),(127,'Puerta Giratoria Transparente Automática','puerta-giratoria-transparente-automática','Las puertas giratorias automáticas están disponibles en los siguientes acabados: acero inoxidable 304 o 316, latón, aluminio lacado o anodizado, madera, acabados espejo y acabados RAL.',NULL,0,0,'El diseño de la puerta giratoria Manusa MGA-TR\r\nha sido concebido para su integración con\r\nfachadas transparentes. Pensando en esa\r\nhomogeneidad de transparencia, la puerta esta\r\nintegramente compuesta de vidrio y delgados\r\nperfiles de acero inoxidable. Así mismo la puerta\r\nManusa MGA-TR permite ocultar el control\r\nautomático de la puerta bajo el suelo.\r\nLas puertas Manusa MGA-TR cuentan con un\r\nsistema de detección inteligente que permite\r\nsoluciones de entrada y salida seguros.','Tráfico alto y mediano, Diferentes Acabados, Aislamiento Térmico y acústico, Sistema Antipánico',10,NULL,'2020-09-03 12:31:13','2020-12-30 03:53:35'),(128,'Puerta Giratoria Automática Multi-Combo','puerta-giratoria-automática-multi-combo','Las puertas giratorias Multi-Combo Manusa son sistemas de entrada giratorios automáticos multifuncionales en los que se combinan diferentes combinaciones para diferentes requisitos. \r\nLas puertas giratorias automáticas están disponibles en los siguientes acabados: acero inoxidable 304 o 316, latón, aluminio lacado o anodizado, madera, acabados espejo y acabados RAL.',NULL,0,0,'Multi-Combo es el sistema de entrada funcional más popular que se puede utilizar para un paso suave en edificios con alto tráfico de entrada y salida, acceso de vehículos, paso de camillas y uso de carritos y equipaje como centros comerciales, hospitales, aeropuertos y hoteles. La seguridad está al más alto nivel, cumpliendo con todos los estándares requeridos.','Tráfico alto y mediano, Diferentes Acabados, Aislamiento Térmico y acústico, Sistema Antipánico',10,NULL,'2020-09-03 12:34:55','2020-12-30 03:54:33'),(129,'Cortinas Anti-Huracán Hiresa','cortinas-anti-huracán-hiresa','Cortinas fabricadas en México, han sido construidas para defender la integridad de un inmueble de grandes vientos como: nortes y huracanes.',NULL,0,0,'Cortinas fabricadas en México, han sido construidas para defender la integridad de un inmueble de grandes vientos como: nortes y huracanes. \r\n\r\nProveyendo de una constitución rígida estas cortinas han demostrado ser superior en todos sus aspectos, desde diseño teniendo dos refuerzos de interiores, hasta su sistema de fijación a base de tornillos de tungsteno, convirtiéndola así en la mejor solución no sólo para la industria y los comercios, sino para los hogares donde requieren de una protección mayor contra las fuerzas de la naturaleza y todo lo que pueda traer en su interior los vientos.','Debido a su construcción en aluminio extruido son capaces de resistir a la intemperie y a zonas donde la salinidad sea un problema, para aguantar igualmente hasta 250 km/hr\r\nPudiendo así cubrir distintas aperturas de hasta 35 metros cuadrados a poder colocarse de diferentes formas dentro de un vano.\r\nGracias a su accionamiento automático demuestran ser prácticas y sencillas de usar, reduciendo así el esfuerzo al momento de usarlas.\r\nUna característica más es su diseño para permitir la filtración de sol  para proveer de iluminación cuando se requiera, así de sombre cuando este mismo se pida.\r\nResistencia al viento:\r\n250 km/hr\r\nSlat:\r\nCurvo',17,NULL,'2020-09-03 14:12:57','2020-12-31 02:41:06'),(131,'GH Motor Hidráulico 250','gh-motor-hidráulico-250','Actuadores oleo-hidráulicos para puertas de hasta 3m.',NULL,0,0,'Actuadores oleo-hidráulicos para puertas de hasta 3m.','• Línea estilizada con gran resistencia a los agentes\r\natmosféricos.\r\n• Posibilidad de autobloqueo hidráulico.\r\n• Amortiguación en ambos extremos.\r\n• Sistema sin bloqueo (mod. D) o doble bloqueo (mod. RT).\r\n• Carrera: 250mm (4LR/3LC), 400mm (3LC).\r\n• No necesita de topes físicos.\r\n• Velocidad regulable de cierre en los modelos RT.\r\n• Regulación de la fuerza de extensión y retracción.',20,NULL,'2020-09-03 15:03:49','2020-09-09 07:58:22'),(132,'GH Motor Hidráulico 380','gh-motor-hidráulico-380','Actuadores oleo-hidráulicos para puertas de hasta 6m.',NULL,0,0,'Actuadores oleo-hidráulicos para puertas de hasta 6m.','• Línea estilizada con gran resistencia a los agentes\r\natmosféricos.\r\n• Posibilidad de autobloqueo hidráulico.\r\n• Amortiguación en ambos extremos.\r\n• Sistema sin bloqueo (mod. D) o doble bloqueo (mod. RT).\r\n• Carrera: 250mm .\r\n• No necesita de topes físicos.\r\n• Velocidad regulable de cierre en los modelos RT.',20,NULL,'2020-09-03 15:04:53','2020-09-09 07:58:34'),(133,'Golden HSC','golden-hsc','Motor con capacidad de aperturas de 5-7 segundos de tiempo de apertura, con capacidad de instalación en diferentes posiciones.',NULL,0,0,'Velocidad y ciclo alto para puertas de hasta 3,5 m   La automatización de pivote Golden HSC fue desarrollada para ofrecer mayor velocidad y ciclo de trabajo, agregando robustez y durabilidad ya conocidas por la familia Golden. La automatización Golden HSC está dedicada a aplicaciones con un alto flujo de vehículos, donde es necesario mezclar velocidad y ciclos altos.','Diseño ergonómico, Alta Velocidad, Fácil Instalación, Soft Closing, Accionamiento Retrasado opcional',20,NULL,'2020-09-03 15:06:34','2020-12-29 22:21:02'),(134,'Era L','era-l','Motor tubular con fin de carrera mecánico.',NULL,0,0,'Motor tubular con fin de carrera mecánico.','Tamaño L: 58 mm\r\nPotente y versátil: Uso también para aplicaciones de grandes dimensiones conversiones máximas de 120 Nm\r\nRegulación intuitiva de las posiciones de tope de subida y bajada mecánico.\r\nMontaje fácil: con el nuevo soporte compacto arrastre con enganche.\r\nConexión a los sensores climáticos, mediante hilo y/o radio con centrales externas.\r\nCable de alimentación: Largo 2,5 m, 4 hilos en el cable.',6,NULL,'2020-09-04 00:26:45','2020-09-09 07:47:50'),(135,'Era LH','era-lh','Motor tubular con fin de carrera mecánico, maniobra de emergencia manual y cable extraíble.',NULL,0,0,'Motor tubular con fin de carrera mecánico, maniobra de emergencia manual y cable extraíble.','Tamaño L: 58 mm\r\nPotente, robusto y versátil: Uso también para aplicaciones de grandes dimensiones con versiones máximas de 120 Nm. Cabeza del motor de zamak.\r\nRegulación intuitiva de las posiciones de tope de subida y bajada mediante el fin de carrera mecánico.\r\nConexión a los sensores climáticos, mediante hilo y/o radio, con centrales externas.\r\nCable de alimentación: Largo cable 2,5 m, 4 hilos en el cable.',6,NULL,'2020-09-04 00:30:15','2020-09-09 07:48:04'),(136,'Era M','era-m','Motor tubular con fin de carrera mecánico.',NULL,0,0,'Motor tubular con fin de carrera mecánico.','Tamaño M: 45 mm\r\nApto también para aplicaciones de grandes dimensiones, con la versión de 50 Nm a 12 rpm y para pequeñas estructuras con la versión de alta velocidad 26 rpm a 4 Nm. \r\nEspecialmente indicado para aplicaciones compactas: largo útil de 426 mm.\r\nRegulación intuitiva de las posiciones de tope  subida y de bajada mediante el fin de carrera mecánico.\r\nMontaje fácil con el nuevo soporte compacto y el sistema de fijación innovador de la rueda de arrastre con enganche.\r\nConexión a los sensores climáticos, mediante hilo y/o radio con centrales externas.\r\nCable de alimentación: Largo 2,5 m, 4 hilos en el cable.',6,NULL,'2020-09-04 00:34:17','2020-09-09 07:48:19'),(137,'Era XLH','era-xlh','Motores tubulares con fin de carrera mecánico y maniobra de emergencia manual.',NULL,0,0,'Motores tubulares con fin de carrera mecánico y maniobra de emergencia manual.','Tamaño XL: 90 mm\r\nPotente y rápido: hasta 300 Nm de par en un confort absoluto, 12 rpm.\r\nFiable mediante la maniobra de emergencia manual: En caso de apagones el motor asegura siempre el funcionamiento, la transmisión manual se activa automáticamente al accionar la manivela.\r\nSeguro, con la opción de asociar accesorios de seguridad, tales como el dispositivo anticaída y el borde sensible.\r\nInstalación sencilla: Las placas de fijación se han de instalar en una posición perpendicular respecto del área de instalación. Si la superficie no es regular hay que usar a la fuerza la placa correspondiente para paredes.',6,NULL,'2020-09-04 00:42:10','2020-09-09 07:46:14'),(138,'GH-645','gh-645','Actuadores oleo-hidráulicos para puertas de hasta 6m.',NULL,0,0,'Actuadores oleo-hidráulicos para puertas de hasta 6m.','• Línea estilizada con gran resistencia a los agentes\r\natmosféricos.\r\n• Posibilidad de autobloqueo hidráulico.\r\n• Amortiguación en ambos extremos.\r\n• Sistema sin bloqueo (mod. D) o doble bloqueo (mod. RT).\r\n• Carrera: 250mm .\r\n• No necesita de topes físicos.\r\n• Velocidad regulable de cierre en los modelos RT.',20,NULL,'2020-09-04 00:52:30','2020-09-09 07:59:04'),(139,'Control Era Serie P','control-era-serie-p','Transmisores radio portátiles para el control de cortinas, persianas y luces con la función de ON-OFF y dimmer cursor.',NULL,0,0,'Transmisores radio portátiles para el control de cortinas, persianas y luces con la función de ON-OFF y dimmer cursor.','Versiones de 1, 6 y 18 canales, Gestión de hasta 18 grupos individuales, Activación separada de los sensores climáticos, 33,92 MHz, Rolling Code con autoaprendizaje',24,NULL,'2020-09-04 01:19:42','2020-12-30 22:47:10'),(140,'Sensor Volo / Volo S / ST','sensor-volo-/-volo-s-/-st','Sensor Viento-Sol (Volo ST) vía Nice TTBus, con regulación mediante trimmer de los umbrales de activación.',NULL,0,0,'Sensor Viento-Sol (Volo ST) vía Nice TTBus, con regulación mediante trimmer de los umbrales de activación.','Sensor Viento (Volo) y Viento-Sol (Volo S), vía Nice TTBus.\r\nCada sensor controla al máximo 5 centrales o motores con central a bordo, conectados en paralelo.\r\nPráctico: Soporte regulable para fijación en todas las superficies inclinadas.\r\nAvanzado: Sensor \"Viento\" programable en 3 niveles: 15,30 o 45 Km/h; umbral “Sol” en 3 niveles: 15, 30 o 45 KLux, más un cuarto nivel configurable en autoaprendizaje.\r\nProgramación lineal: Regulación umbrales de activación “Viento” hasta 60 km/h y \"Sol\" hasta 60 KLux. Cada sensor controla al máximo 5 centrales o motores con central a bordo, conectados en paralelo para sincronizar la apertura o el cierre.\r\nSistema de control y señal: Un Led bicolor (verde y rojo; encendido, apagado o parpadeante) proporciona al usuario sobre el estado del sensor (superación del umbral ajustado, funcionamientos incorrectos, etc.).\r\n\r\nOpción de deshabilitar el sensor \"Sol\" mediante interrupto.',6,NULL,'2020-09-04 01:49:03','2020-09-09 07:46:28'),(143,'Hiresa 7301','hiresa-7301','Las cortinas enrollables corta fuego de HIRESA By CHI Guardian ™, que se seleccionan con mayor frecuencia para el cumplimiento práctico de la prueba de caída y para asegurar una respuesta positiva a la crisis, brindan resultados confiables, predecibles y repetibles. ',NULL,0,0,'Las cortinas enrollables corta fuego de HIRESA By CHI Guardian ™, que se seleccionan con mayor frecuencia para el cumplimiento práctico de la prueba de caída y para asegurar una respuesta positiva a la crisis, brindan resultados confiables, predecibles y repetibles. Ahora es posible realizar pruebas de caída seguras, sencillas, económicas y repetibles en cualquier instalación con solo tirar de una manija.\r\nEquipadas con etiquetas de laboratorios como UL (Underwriters Laboratories), están listadas para cumplir con distintas aplicaciones de muro tanto mampostería como muro. \r\nGracias a su diseño le permite cerrar automáticamente cuando en caso de incendio este se eleva y por ende baja para proteger la integridad de las personas dentro del edificio\r\nNuestras puertas enrollables contra incendios están disponibles en una variedad de medidores, perfiles de listones y colores. También puede elegir entre lanzamientos con demora de tiempo a prueba de fallas, detectores de humo y sistemas de advertencia audible y visual.','Resistencia al fuego de: \r\n¾ Hr., 1-1 / 2 Hr., O 3 Hr.\r\nMedidas:\r\nCalibre 20: 24\'0 pies de ancho estándar máx. por 24\'0\" máx. estandar de altura\r\nSlat:\r\nPlano',17,NULL,'2020-09-08 01:34:42','2020-09-09 06:43:43'),(144,'Hiresa 7302','hiresa-7302','Las cortinas enrollables corta fuego de HIRESA By CHI Guardian ™, que se seleccionan con mayor frecuencia para el cumplimiento práctico de la prueba de caída y para asegurar una respuesta positiva a la crisis, brindan resultados confiables, predecibles y repetibles. ',NULL,0,0,'Las cortinas enrollables corta fuego de HIRESA By CHI Guardian ™, que se seleccionan con mayor frecuencia para el cumplimiento práctico de la prueba de caída y para asegurar una respuesta positiva a la crisis, brindan resultados confiables, predecibles y repetibles. Ahora es posible realizar pruebas de caída seguras, sencillas, económicas y repetibles en cualquier instalación con solo tirar de una manija.\r\nEquipadas con etiquetas de laboratorios como UL (Underwriters Laboratories), están listadas para cumplir con distintas aplicaciones de muro tanto mampostería como muro. \r\nGracias a su diseño le permite cerrar automáticamente cuando en caso de incendio este se eleva y por ende baja para proteger la integridad de las personas dentro del edificio.','Nuestras puertas enrollables contra incendios están disponibles en una variedad de medidores, perfiles de listones y colores. También puede elegir entre lanzamientos con demora de tiempo a prueba de fallas, detectores de humo y sistemas de advertencia audible y visual.\r\nResistencia al fuego de: \r\n¾ Hr., 1-1 / 2 Hr., O 3 Hr.\r\nMedidas:\r\nCalibre 20: 24\'0 pies de ancho estándar máx. por 24\'0\" máx. estandar de altura\r\nCalibre 22: 18\'4 \"ancho máx. Estándar por  24\'0\" máx. std altura\r\nInsulación contra el frío:\r\nR-Value 4.2 \r\nSlat:\r\nPlano',17,NULL,'2020-09-08 01:39:53','2020-09-09 06:53:42'),(145,'HIRESA 7366','hiresa-7366','Las cortinas enrollables corta fuego de HIRESA By CHI Guardian ™, que se seleccionan con mayor frecuencia para el cumplimiento práctico de la prueba de caída y para asegurar una respuesta positiva a la crisis, brindan resultados confiables, predecibles y repetibles. ',NULL,NULL,NULL,'Las cortinas enrollables corta fuego de HIRESA By CHI Guardian ™, que se seleccionan con mayor frecuencia para el cumplimiento práctico de la prueba de caída y para asegurar una respuesta positiva a la crisis, brindan resultados confiables, predecibles y repetibles. Ahora es posible realizar pruebas de caída seguras, sencillas, económicas y repetibles en cualquier instalación con solo tirar de una manija.\r\nEquipadas con etiquetas de laboratorios como UL (Underwriters Laboratories), están listadas para cumplir con distintas aplicaciones de muro tanto mampostería como muro. \r\nGracias a su diseño le permite cerrar automáticamente cuando en caso de incendio este se eleva y por ende baja para proteger la integridad de las personas dentro del edificio.','Nuestras puertas enrollables contra incendios están disponibles en una variedad de medidores, perfiles de listones y colores. También puede elegir entre lanzamientos con demora de tiempo a prueba de fallas, detectores de humo y sistemas de advertencia audible y visual.\r\nResistencia al fuego de: \r\n¾ Hr., 1-1 / 2 Hr., O 3 Hr.\r\nMedidas:\r\nCalibre 22 acero inoxidable: 13\'4 \"ancho máx. Estándar por 24\'0\" máx. std altura\r\nSlat:\r\nPlano',17,NULL,'2020-09-08 01:42:14','2020-09-08 01:42:14'),(146,'Cortina de Parrilla','cortina-de-parrilla','Rejillas plegables Hiresa 9100/9200/9300. Están diseñadas para ajustarse a dimensiones específicas con ancho ilimitado y una altura estándar máxima de 14\'0\".',NULL,NULL,NULL,'Sin límite de ancho y numerosos diseños de orugas, prácticamente no hay aberturas que no se puedan asegurar con una rejilla de cierre plegable lateral. Las curvas estándar y las curvas especiales le da la capacidad de seguir casi cualquier línea para obtener la máxima ventaja de espacio y tres anchos de cuerpo permiten personalizar las dimensiones de la pila/bolsillo. El diseño con soporte superior elimina una pista inferior, lo que reduce el mantenimiento y hace que la operación manual sea rápida y fácil. El acabado anodizado transparente estándar brinda una apariencia duradera y terminada y las salidas de emergencia estando disponibles cuando es necesario.','El aspecto clásico de la parrilla le ofrece seguridad, visibilidad y ventilación, mientras que las características de diseño bien diseñadas agilizan el proceso de instalación para ahorrar tiempo y dinero.\r\n• Presenta un acabado anodizado transparente protector.\r\n• Empuje manual, polipasto de cadena, manivela del toldo o funcionamiento del motor.\r\n• Campanas y fascias opcionales en acero o aluminio disponibles para aplicaciones de bobinas expuestas.\r\n• El sistema de bloqueo rápido permite al usuario activar el bloqueo a una altura conveniente, luego cerrar la rejilla al piso donde se bloquea automáticamente.\r\n• Las características de instalación pioneras incluyen la fábrica de cortinas envuelta en el barril de aluminio para facilitar el traslado al sitio.\r\n• Las placas de cabeza ranuradas permiten la caída de la instalación del barril y la cortina, eliminando el tiempo necesario para centrar la cortina.\r\n• El mecanismo de trinquete incorporado hace que sea más rápido y seguro enrollar el resorte.\r\n• El innovador sistema de tubo de soporte telescópico opcional es más fácil de ubicar e instalar que los tubos de acero tradicionales.',17,NULL,'2020-09-15 05:13:03','2020-09-15 05:13:03'),(147,'GH PRO-LHA','gh-pro-lha','Operador Industrial para cortinas metálicas y puertas seccionales con con cadenero, de uso medio, trabajando con un motor de medio caballo de fuerza, permitiendole trabajar a 15 ciclos por hora, incluye un desbloqueo manual en caso de falla de energía',NULL,0,0,'Ideal para aperturas de tráfico mediano para aperturas medianas, con operación manual en caso de fallo de energía.','Estación de 3 botones, Trabajo a 24 V., Desbloqueo manual, Cadena de uso manual',15,NULL,'2020-09-16 01:42:46','2020-12-31 02:44:40'),(149,'GH PRO-H Medio Caballo','gh-pro-h-medio-caballo','Operador Industrial para cortinas metálicas y puertas seccionales con con cadenero, para grandes aperturas, trabajando con un motor de medio caballo de fuerza, permitiéndole trabajar a 15 ciclos por hora, incluye un desbloqueo manual en caso de falla de energía',NULL,0,0,'Ideal para aperturas de tráfico mediano con grandes aperturas, con operación manual en caso de fallo de energía.','Estación de 3 botones, Trabajo a 24 V., Desbloqueo manual, Cadena de uso manual, Ajuste de Velocidad',15,NULL,'2020-09-16 01:45:31','2020-12-31 02:47:00'),(150,'Actuador Táctil MS08','actuador-táctil-ms08','Rango ajustable Microondas Actuador Táctil MS08',NULL,NULL,NULL,'El MS08 utiliza tecnología probada de movimiento por microondas para garantizar una activación sin contacto constante y confiable y puede ajustarse para cumplir con el estándar de acto de conocimiento ANSI 156.10.\r\nEl MS08 detecta objetos en movimiento como una mano, carro o silla de ruedas y es ideal para su uso en hospitales, farmacias, salas limpias, instalaciones de servicio de alimentos y otras aplicaciones que requieren un método de activación higiénico.','• Zona de detección de 4 a 24 pulgadas (pulso o palanca)\r\n• Activación silenciosa para hospitales y otros entornos sensibles al ruido.\r\n• El diseño biselado de bajo perfil reduce la posibilidad de daños accidentales en áreas de alto tráfico.\r\n• Disponible en placa frontal blanca, negra o crema; opciones para cajas individuales de doble pandilla',22,NULL,'2020-09-16 02:19:49','2020-09-16 02:19:49'),(151,'Actuador de Microondas sin Toque IP65 MS09','actuador-de-microondas-sin-toque-ip65-ms09','Actuador de Microondas sin Toque IP65 MS09.',NULL,NULL,NULL,'El MS09 con calificación IP65 es un dispositivo de activación sin contacto con una zona de detección ajustable diseñada para entornos hostiles e industriales.\r\nEl MS09 de montaje en superficie utiliza tecnología de movimiento por microondas para garantizar una activación constante y confiable. La conectividad del conducto garantiza una instalación hermética en entornos hostiles e instalaciones de lavado.\r\nEl MS09 detecta objetos en movimiento, como una mano, una transpaleta o una carretilla elevadora, y es ideal para aplicaciones que requieren un método de activación sin contacto, incluidos hospitales, farmacias, salas blancas y servicios de alimentos.','• Resistente a la intemperie con caja IP65 capaz de usar en entornos industriales y extremos, así como en instalaciones de lavado.\r\n• Zona de detección definida por el usuario de 4 a 24 pulgadas (pulso o palanca).\r\n• Apropiado para todos los ambientes, se puede utilizar en una variedad de aplicaciones interiores y exteriores.\r\n• No se requieren cajas de montaje externas.',22,NULL,'2020-09-16 02:21:30','2020-09-16 02:21:30'),(152,'Actuador Táctil MS11','actuador-táctil-ms11','Gama ajustable, acero inoxidable microondas actuador táctil MS11.',NULL,NULL,NULL,'El MS11 es un dispositivo de activación sin contacto estéticamente agradable diseñado para reducir la propagación de gérmenes y mejorar la accesibilidad en entornos sanitarios, minoristas, industriales y comerciales. El MS11 ha sido diseñado específicamente para soportar los rigores extremos de los entornos sanitarios y de ritmo rápido.\r\nEl MS11 de montaje empotrado es un dispositivo duradero de acero inoxidable que utiliza tecnología de microondas de rango ajustable.\r\nEl centro iluminado del MS11 y la señalización audible confirman la activación y alientan el uso sin contacto adecuado.\r\nEl MS11 detecta objetos en movimiento, como una mano, un carro o una silla de ruedas, y está diseñado para su uso en hospitales, farmacias, salas limpias, servicio de alimentos y otras áreas que necesitan una activación altamente accesible y libre de gérmenes.','• Gabinete con clasificación IP65 capaz de usar en entornos industriales y de lavado extremo.\r\n• El centro azul iluminado cambia a verde al recibir / activar la señal.\r\n• Zona de detección ajustable de 2 a 24 pulgadas (pulso o palanca).\r\n• Configuración de alerta audible ajustable, incluido el modo silencioso requerido para hospitales y otros entornos sensibles al ruido.\r\n• Tiempo de retención de salida configurable de 1 a 30 segundos, lo que permite una ubicación única del dispositivo definida por el usuario\r\n• Compatible con todas las marcas y modelos de control automático de puertas.',22,NULL,'2020-09-16 02:22:56','2020-09-16 02:22:56'),(153,'Actuador Touchless de Corto Alcance MS21H','actuador-touchless-de-corto-alcance-ms21h','El MS21 de última generación es la primera placa de actuador sin contacto de bajo perfil de la industria que utiliza una tecnología capacitiva única para la activación de puertas automáticas.',NULL,NULL,NULL,'El MS21 manos libres incluye una placa frontal de acero inoxidable y un anillo de montaje LED iluminado para una durabilidad, visibilidad y comodidad sin igual.\r\nEl MS21 combina la forma con la función en un diseño estéticamente agradable que es ideal para instalaciones de salud, laboratorios, farmacéuticos, salas limpias, áreas de lavado y una variedad de otras aplicaciones. El MS21 ayuda a reducir la propagación de gérmenes y bacterias.\r\nLas características innovadoras incluyen una zona de detección ajustable de corto alcance, alertas visuales y audibles, gabinete con clasificación NEMA 4, LED retroiluminado y una variedad de opciones de diseño de placa frontal.','• La zona de detección de corto alcance reduce las activaciones no deseadas.\r\n• El anillo de montaje iluminado con LED aumenta la visibilidad\r\n• La placa frontal de acero inoxidable es ideal para entornos hostiles.\r\n• El diseño biselado de bajo perfil reduce el daño accidental.\r\n• Varias opciones gráficas de placa frontal disponibles.\r\n• Alertas audibles ajustables, alertas visuales y zonas de detecciones sin contacto\r\n• Caja NEMA 4\r\n• Compatible con todas las marcas y modelos de\r\ncontrol automático de puertas',22,NULL,'2020-09-16 02:25:10','2020-09-16 02:25:10'),(154,'Topes para Puertas','topes-para-puertas','-',NULL,NULL,NULL,'-','-',7,NULL,'2020-09-16 02:27:49','2020-09-16 02:27:49'),(155,'Pernos','pernos','-',NULL,NULL,NULL,'-','-',7,NULL,'2020-09-16 02:28:21','2020-09-16 02:28:21'),(156,'Guías','guías','-',NULL,NULL,NULL,'-','-',7,NULL,'2020-09-16 02:28:49','2020-09-16 02:28:49'),(157,'Ruedas','ruedas','-',NULL,NULL,NULL,'-','-',7,NULL,'2020-09-16 02:33:20','2020-09-16 02:33:20'),(158,'Soportes de Guía','soportes-de-guía','-',NULL,NULL,NULL,'-','-',7,NULL,'2020-09-16 02:33:53','2020-09-16 02:33:53'),(159,'Tornillo Mediano','tornillo-mediano','-',NULL,NULL,NULL,'-','-',7,NULL,'2020-09-16 02:34:51','2020-09-16 02:34:51'),(160,'Cepillo en Barra','cepillo-en-barra','-',NULL,NULL,NULL,'-','-',7,NULL,'2020-09-16 02:35:16','2020-09-16 02:35:16'),(161,'Soporte a la Pared Guía GPI','soporte-a-la-pared-guía-gpi','-',NULL,NULL,NULL,'-','-',7,NULL,'2020-09-16 02:36:04','2020-09-16 02:36:04'),(166,'Run 1200 I-HS','run-1200-i-hs','Operador ideal para aperturas y cierres de alta velocidad, con capacidad de conectar a accesorios de seguridad.',NULL,0,0,'La corredera RUN1200 i-HSC se puede aplicar a cancelas de hasta 1200 kg, es la solución ideal para aplicaciones\r\nen condominios e industrias que requieren ciclos altos y uso intensivo.\r\n\r\nRobustez y alto rendimiento: los\r\nfabricantes de automóviles Run tienen una base y carcasa de aluminio fundido a presión y un sistema de transmisión robusto: corona interna en PA12 y eje\r\nsin fin en acero mecanizado. También tiene un conjunto de motorreductor y rodamientos silenciosos.\r\n\r\nProtegido contra infiltraciones: el grado de protección IP44 certifica que el producto está','Poderoso, Diseño Compacto, Alta Velocidad, Continuas Aperturas, Conectividad',23,NULL,'2020-12-29 21:51:49','2020-12-29 22:42:04'),(167,'Run 2500 I-HS','run-2500-i-hs','Operador ideal para aperturas y cierres de alta velocidad, con capacidad de conectar a accesorios de seguridad.',NULL,0,0,'La corredera RUN2500 i-HSC se puede aplicar a puertas de hasta 2500 kg. Son aptos para aplicaciones en industrias, empresas y condominios que requieren resistencia, ciclo alto y uso intensivo.\r\n\r\nLa única automatización para aplicaciones pesadas con un diseño sofisticado.\r\n\r\nRobustez y altas prestaciones: los automatismos RUN cuentan con base y carcasa de aluminio fundido a presión y un robusto sistema de transmisión: corona interior en PA12 y eje sin fin en acero mecanizado. También tiene un conjunto de motorreductor y rodamientos silenciosos.\r\n\r\nProtegido contra el agua: el grado de protección IP44 certifica que el producto está protegido contra salpicaduras de agua.','Poderoso, Diseño Compacto, Alta Velocidad, Continuas Aperturas, Conectividad',23,NULL,'2020-12-29 21:53:39','2020-12-29 22:42:12'),(168,'Toona 5424 HS','toona-5424-hs','Operador para puertas pesadas de tipo abatibles de mayor velocidad.',NULL,0,0,'Para el accionamiento rápido de puertas batientes con hojas de hasta 5 m o 400 Kg (TO5024HS) y de hasta 6 m o 1450 Kg (TO6024HS).\r\nIdeal para aplicaciones residenciales e industriales.\r\nMotorreductor electromecánico de montaje exterior, 24 Vdc, con encoder magnético. \r\nAsegura maniobras rápidas: apertura a 90° en 16* segundos aproximadamente TO5024HS y en 30* segundos aproximadamente con TO6024HS.','Diseño estético, Carcasa resistente a intemperies, Manillas de desbloqueo, Aperturas y cierres Rápidos, Silencioso, Robusto',23,NULL,'2020-12-29 22:30:54','2020-12-29 22:43:30'),(169,'M-Fab 3024 HS','m-fab-3024-hs','Operador de portón oculto especial para aplicaciones donde no se requiera de ver el operador y requieran mayor velocidad.',NULL,NULL,NULL,'Para el accionamiento rápido de puertas batientes con hojas de hasta 3 m o 300 kg. Motorreductor electromecánico 24 Vdc, con encoder magnético.\r\nMontaje enterrado y escamoteable, ideal para aplicaciones residenciCaelnetsra.','Diseño, Oculto, Robusto, Grandes Aperturas, Desaceleramiento de seguridad, Velocidad mejorada',23,NULL,'2020-12-29 22:45:48','2020-12-29 22:45:48'),(170,'Wingo 3524 HS','wingo-3524-hs','Operador de puertas abatibles para aperturas rápidos y peso y metros según tipo de versión.',NULL,NULL,NULL,'Para el accionamiento rápido de puertas batientes con hojas de hasta 3 m o 200 kg.','Diseño estético, Carcasa resitente a intemperies, Manillas de desbloqueo, Aperturas y cierres Rápidos, Silencioso, Robusto',23,NULL,'2020-12-29 22:47:20','2020-12-29 22:47:20'),(171,'Robus 500 HS','robus-500-hs','Para el accionamiento rápido de puertas correderas de 500 kg.',NULL,NULL,NULL,'Para aplicaciones residenciales o industriales. Motorreductor electromecánico a 24 Vdc. Ideal para un uso intensivo, la apertura de una puerta de 4 se produce en 10* segundos aproximadamente con RB250HS y en 9* segundos con RB500HS.','Sencillo, Práctico, Avanzado, Inteligente, Seguro, Robusto, Silencioso',23,NULL,'2020-12-29 22:50:29','2020-12-29 22:50:29'),(172,'Antena TAG Passivo – Lector UHF','antena-tag-passivo-–-lector-uhf','La Antena UHF fue desarrollada con la finalidad de uso en el sistema Tag Passivo de control de acceso, funcionando interconectada al receptor Multifunción y Módulo Guarita.',NULL,NULL,NULL,'Teniendo como función, leer las etiquetas presentes en su área de alcance de la señal transmitida en 915MHz, que puede ser ajustado para el alcance de hasta 6m, proporcionando mayor comodidad a los usuarios del sistema y sin la necesidad de contacto manual con el dispositivo de acceso, basta posicionar el vehículo con el dispositivo instalado de frente a la antena y aguardar la apertura de la cancela / portón. La antena TAG Passivo tiene como característica principal su transmisión de señal unidireccional, que garantiza la lectura sólo de los vehículos debidamente posicionados frente a la antena.','Antena unidireccional, Ángulo de lectura direccional aprox. 15 a 30 grados (dependiendo de la distancia), Alcance de hasta 6m, LED de estado (encendido / lectura), Acompaña fuente de alimentación, Frecuencia 915 MHz y potencia de 12,5 dBi, Nivel de ganancia ajustable de 1 a 16, Instalación sencilla.',24,NULL,'2020-12-30 00:30:13','2020-12-30 00:30:13'),(173,'Anti-Vandálica','anti-vandálica','Totalmente personalizable en medidas (según ensayos), acabados y colores.',NULL,0,0,'La puerta anti-vandálica de Manusa combina tecnología y estética para convertirse en la solución más eficaz para proteger los entornos de la efracción o intento de intrusión.\r\nLas puertas automáticas correderas con clasificación RC-2 cumplen con la normativa\r\nUNE:1627:2011 y está ensayada conforme a la norma UNE-EN 1630:2011. El operador que la compone se caracteriza por ser compacto y de tan solo 100 mm de altura, lo que permite la perfecta integración de la solución en comercios.','Máxima Seguridad, Apertura Central o Lateral, Valor Agregado al edificio',9,NULL,'2020-12-30 03:45:25','2020-12-30 03:46:36'),(174,'Anti-balas','anti-balas','Totalmente personalizable en medidas (según ensayos), acabados y colores.',NULL,0,0,'Las puertas anti-balas Manusa son la solución más fiable para la protección de las personas y del entorno en casos de ataques con armas de fuego.\r\nLas puertas anti-balas permiten conseguir diferentes grados de protección y clasificación de acuerdo a la norma UNE-EN 1063:2001 en función del tipo de vidrio instalado. Como\r\ncualquier puerta Manusa puede configurarse y adaptar diferentes accesorios de control,\r\nBancos Hoteles Retail accionamiento o seguridad.','Máxima Seguridad, Apertura Central o Lateral, Valor Agregado al edificio',9,NULL,'2020-12-30 03:48:16','2020-12-30 03:48:21'),(175,'Giratoria Automática Gran Diámetro','giratoria-automática-gran-diámetro','Las puertas giratorias Gran Diámetro están especialmente diseñadas para una máxima eficiencia en entradas con alto tráfico peatonal. Proporciona un tráfico fluido con seguridad y comodidad gracias a la alta tecnología sin sacrificar la estética arquitectónica.   Las puertas giratorias automáticas están disponibles en los siguientes acabados: acero inoxidable 304 o 316, latón, aluminio lacado o anodizado, madera, acabados espejo y acabados RAL.',NULL,0,0,'Gran Diámetro ofrece soluciones para sus requisitos de la manera más elegante con variadas opciones de diseño de vitrinas y especificaciones personalizables. Cumple completamente con los estándares requeridos en términos de seguridad. Combina el sistema de seguridad de autosupervisión y la tecnología de automatización UniMASTER, que ha sido probada por ellos mismos, con el mejor diseño. Las alternativas con vitrinas le brindan la oportunidad de usar la puerta para publicidad y generar ingresos.','Tráfico alto y mediano, Diferentes Acabados, Aislamiento Térmico y acústico, Sistema Antipánico',10,NULL,'2020-12-30 03:56:23','2020-12-30 03:57:44'),(177,'GH 25-35','gh-25-35','Motorreductor electromecánico irreversible con desbloqueo rápido, para puertas seccionales o cortinas metálicas con capacidad de hasta 35 m2, Inc.',NULL,NULL,NULL,'Cadenero de función manual en caso de fallo de energía, siendo así el operador en relación precio-calidad ideal del mercado.\r\nPara aperturas de hasta 35 m2 ya sean puertas seccionales o cortinas metálicas.','Botonera con Central, Fotoceldas, Desbloqueo, Cadenero de uso manual',15,NULL,'2020-12-31 02:43:04','2020-12-31 02:43:04'),(178,'GH PRO-H Un Caballo','gh-pro-h-un-caballo','Operador Industrial para cortinas metálicas y puertas seccionales con con cadenero, para grandes aperturas, trabajando con un motor de medio caballo de fuerza, permitiéndole trabajar a 25 ciclos por hora, incluye un desbloqueo manual en caso de falla de energía.',NULL,NULL,NULL,'Ideal para aperturas de tráfico pesado con grandes aperturas, con operación manual en caso de fallo de energía.','Estación de 3 botones, Trabajo a 24 V., Desbloqueo manual, Cadena de uso manual, Ajuste de Velocidad',15,NULL,'2020-12-31 02:48:44','2020-12-31 02:48:44'),(179,'Rondo','rondo','Motor Ideal para cortinas de hasta 180 kilos, con capacidad de añadir un motor esclavo para cargar hasta 360 kilos.',NULL,NULL,NULL,NULL,'Fácil instalación, Fiable, Llave de desbloqueo, Potente, Capacidad de añadir un motor esclavo',28,NULL,'2020-12-31 02:54:33','2020-12-31 02:54:33'),(180,'Giro','giro','Motorreductor electromecánico con fuerza de elevación de hasta 170 kg y 340 kg,\r\nen las versiones reversible e irreversible.',NULL,NULL,NULL,NULL,'Fácil instalación, Fiable, Llave de desbloqueo, Potente, Capacidad de añadir un motor esclavo',28,NULL,'2020-12-31 02:56:27','2020-12-31 02:56:27'),(181,'GH 25-35','gh-25-35','Motorreductor electromecánico irreversible con desbloqueo rápido, para puertas seccionales o cortinas metálicas con capacidad de hasta 35 m2.',NULL,NULL,NULL,'Para aperturas de hasta 35 m2 ya sean puertas seccionales o cortinas metálicas. Cadenero de función manual en caso de fallo de energía, siendo así el operador en relación precio-calidad ideal del mercado.','Botonera con Central, Fotoceldas, Desbloqueo, Cadenero de uso manual',28,NULL,'2020-12-31 02:57:59','2020-12-31 02:57:59'),(182,'GH PRO-LHA','gh-pro-lha','Operador Industrial para cortinas metálicas y puertas seccionales con con cadenero, de uso medio, trabajando con un motor de medio caballo de fuerza, permitiendole trabajar a 15 ciclos por hora, incluye un desbloqueo manual en caso de falla de energía.',NULL,NULL,NULL,'Ideal para aperturas de tráfico mediano para aperturas medianas, con operación manual en caso de fallo de energía.','Estación de 3 botones, Trabajo a 24 V., Desbloqueo manual, Cadena de uso manual',28,NULL,'2020-12-31 02:58:34','2020-12-31 02:58:34'),(183,'GH PRO-H Medio Caballo','gh-pro-h-medio-caballo','Operador Industrial para cortinas metálicas y puertas seccionales con con cadenero, para grandes aperturas, trabajando con un motor de medio caballo de fuerza, permitiéndole trabajar a 15 ciclos por hora, incluye un desbloqueo manual en caso de falla de energía.',NULL,NULL,NULL,'Ideal para aperturas de tráfico mediano con grandes aperturas, con operación manual en caso de fallo de energía.','Estacion de 3 botones, Trabajo a 24 V., Desbloqueo manual, Cadena de uso manual, Ajuste de Velocidad',28,NULL,'2020-12-31 02:59:27','2020-12-31 02:59:27'),(184,'GH PRO-H Un Caballo','gh-pro-h-un-caballo','Operador Industrial para cortinas metálicas y puertas seccionales con con cadenero, para grandes aperturas, trabajando con un motor de medio caballo de fuerza, permitiéndole trabajar a 25 ciclos por hora, incluye un desbloqueo manual en caso de falla de energía.',NULL,NULL,NULL,'Ideal para aperturas de tráfico pesado con grandes aperturas, con operación manual en caso de fallo de energía.','Estación de 3 botones, Trabajo a 24 V., Desbloqueo manual, Cadena de uso manual, Ajuste de Velocidad',28,NULL,'2020-12-31 03:00:21','2020-12-31 03:00:21');
/*!40000 ALTER TABLE `articles` ENABLE KEYS */;
UNLOCK TABLES;

--
-- Table structure for table `banners`
--

DROP TABLE IF EXISTS `banners`;
/*!40101 SET @saved_cs_client     = @@character_set_client */;
/*!40101 SET character_set_client = utf8 */;
CREATE TABLE `banners` (
  `id` int(10) unsigned NOT NULL AUTO_INCREMENT,
  `titulo` varchar(191) COLLATE utf8mb4_unicode_ci DEFAULT NULL,
  `url` varchar(191) COLLATE utf8mb4_unicode_ci DEFAULT NULL,
  `img_path` varchar(191) COLLATE utf8mb4_unicode_ci DEFAULT NULL,
  `descripcion` text COLLATE utf8mb4_unicode_ci,
  `family_id` int(10) unsigned DEFAULT NULL,
  `created_at` timestamp NULL DEFAULT NULL,
  `updated_at` timestamp NULL DEFAULT NULL,
  PRIMARY KEY (`id`) USING BTREE,
  KEY `banners_family_id_foreign` (`family_id`) USING BTREE,
  CONSTRAINT `banners_family_id_foreign` FOREIGN KEY (`family_id`) REFERENCES `families` (`id`) ON DELETE CASCADE
) ENGINE=InnoDB AUTO_INCREMENT=15 DEFAULT CHARSET=utf8mb4 COLLATE=utf8mb4_unicode_ci ROW_FORMAT=DYNAMIC;
/*!40101 SET character_set_client = @saved_cs_client */;

--
-- Dumping data for table `banners`
--

LOCK TABLES `banners` WRITE;
/*!40000 ALTER TABLE `banners` DISABLE KEYS */;
INSERT INTO `banners` VALUES (1,'Residencial 1','http://cav.localhost:8000/residencial/productos','img/brand/banner1.jpg','Primer banner',1,'2020-08-13 04:53:58','2020-08-13 04:53:58'),(3,'Residencial 3','https://puertasveracruz.com/residencial/','img/brand/banner3.jpg','banner 2',1,'2020-08-19 14:25:40','2020-08-27 07:30:28'),(4,'Residencial 5','https://puertasveracruz.com/residencial','img/brand/banner4.jpg',NULL,1,'2020-08-19 14:28:43','2020-08-27 07:30:58'),(5,'Industrial 4','https://puertasveracruz.com/industrial/productos/categorias/puertasdequirofano','img/brand/banner5.jpg','Primer banner',2,'2020-08-19 14:30:40','2020-08-20 14:31:07'),(6,'Industrial 3','https://puertasveracruz.com/industrial/productos/categorias/puertasr%C3%A1pidas','img/brand/banner6.jpg','Primer banner',2,'2020-08-19 14:31:09','2020-08-27 07:29:04'),(7,'Industrial 1','https://puertasveracruz.com/industrial/productos/categorias/puertasautom%C3%A1ticas','img/brand/banner7.jpg',NULL,2,'2020-08-19 14:53:21','2020-08-27 07:28:28'),(8,'Industrial 6','https://puertasveracruz.com/residencial/productos/categorias/puertasr%C3%A1pidas','img/brand/banner8.jpg',NULL,2,'2020-08-19 14:53:53','2020-08-27 07:29:45'),(9,'Industrial 2','https://puertasveracruz.com/industrial/productos/categorias/rampasdeanden','img/brand/banner9.jpg','Primer banner',2,'2020-08-19 14:54:10','2020-08-27 07:28:50'),(11,'Industrial 5','https://puertasveracruz.com/industrial/productos/categorias/puertas_revolventes','img/brand/banner11.jpg',NULL,2,'2020-08-19 14:55:04','2020-08-27 07:29:29'),(12,'Industrial 7','https://puertasveracruz.com/industrial/productos/categorias/motoresindustriales','img/brand/banner12.jpg','Primer banner',2,'2020-08-19 14:55:18','2020-08-27 07:30:01'),(13,'Residencial 2','https://puertasveracruz.com/residencial/productos/categorias/barrerasdeacceso','img/brand/banner13.jpg','Primer banner',1,'2020-08-19 14:56:33','2020-08-27 07:30:20'),(14,'Residencial 4','https://puertasveracruz.com/residencial','img/brand/banner14.jpg','Primer banner',1,'2020-08-19 14:56:52','2020-08-27 07:30:44');
/*!40000 ALTER TABLE `banners` ENABLE KEYS */;
UNLOCK TABLES;

--
-- Table structure for table `categories`
--

DROP TABLE IF EXISTS `categories`;
/*!40101 SET @saved_cs_client     = @@character_set_client */;
/*!40101 SET character_set_client = utf8 */;
CREATE TABLE `categories` (
  `id` int(10) unsigned NOT NULL AUTO_INCREMENT,
  `name` varchar(191) COLLATE utf8mb4_unicode_ci DEFAULT NULL,
  `display_name` varchar(191) COLLATE utf8mb4_unicode_ci DEFAULT NULL,
  `description` varchar(191) COLLATE utf8mb4_unicode_ci DEFAULT NULL,
  `img_path` varchar(191) COLLATE utf8mb4_unicode_ci DEFAULT NULL,
  `icon_path` varchar(191) COLLATE utf8mb4_unicode_ci DEFAULT NULL,
  `family_id` int(10) unsigned DEFAULT NULL,
  `created_at` timestamp NULL DEFAULT NULL,
  `updated_at` timestamp NULL DEFAULT NULL,
  PRIMARY KEY (`id`) USING BTREE,
  KEY `categories_family_id_foreign` (`family_id`) USING BTREE,
  CONSTRAINT `categories_family_id_foreign` FOREIGN KEY (`family_id`) REFERENCES `families` (`id`) ON DELETE CASCADE
) ENGINE=InnoDB AUTO_INCREMENT=29 DEFAULT CHARSET=utf8mb4 COLLATE=utf8mb4_unicode_ci ROW_FORMAT=DYNAMIC;
/*!40101 SET character_set_client = @saved_cs_client */;

--
-- Dumping data for table `categories`
--

LOCK TABLES `categories` WRITE;
/*!40000 ALTER TABLE `categories` DISABLE KEYS */;
INSERT INTO `categories` VALUES (2,'barrerasdeaccesovehicular','Barreras De Acceso Vehicular',NULL,'img/brand/barrerasdeacceso-banner.png','img/brand/barreras_de_acero-icon.png',1,NULL,'2020-12-29 23:28:47'),(3,'motorescorredizos','Motores Corredizos',NULL,'img/brand/motorescorredizos-banner.png','img/brand/motores_corredizos-icon.png',1,NULL,'2020-09-27 02:42:51'),(4,'motoresascendentes','Motores Ascendentes',NULL,'img/brand/motoresascendentes-banner.png','img/brand/motores_ascendentes-icon.png',1,NULL,'2020-09-27 02:42:41'),(5,'puertasseccionales','Puertas Seccionales',NULL,'img/brand/puertasseccionales-banner.png','img/brand/puertas_seccionales-icon.png',1,NULL,'2020-09-27 02:44:23'),(6,'motorestubulares','Motores Tubulares',NULL,'img/brand/motorestubulares-banner.png','img/brand/motores_tubulares-icon.png',1,NULL,'2020-09-27 02:44:53'),(7,'herrajes','Herrajes',NULL,'img/brand/herrajes-banner.png','img/brand/herrajes-icon.png',1,NULL,'2020-09-27 02:44:39'),(9,'puertasautomáticas','Puertas Automáticas',NULL,'img/brand/puertasautomáticas-banner.png','img/brand/puertas_automaticas-icon.png',2,NULL,'2020-09-27 03:04:09'),(10,'puertasrevolventes','Puertas Revolventes',NULL,'img/brand/puertasrevolventes-banner.png','img/brand/puertasrevolventes-icon.png',2,NULL,'2020-09-27 03:27:02'),(11,'puertasparahospitales','Puertas Para Hospitales',NULL,'img/brand/puertasparahospitales-banner.png','img/brand/puertas_de_quirofano-icon.png',2,NULL,'2020-09-27 03:23:59'),(12,'puertasrápidas','Puertas Rápidas',NULL,'img/brand/puertasrápidas-banner.png','img/brand/puertas_rapidas-icon.png',2,NULL,'2020-09-27 03:24:53'),(13,'rampasdeandén','Rampas De Andén',NULL,'img/brand/rampasdeandén-banner.png','img/brand/rampas_de_anden-icon.png',2,NULL,'2020-09-27 03:04:18'),(14,'sellos','Sellos',NULL,'img/brand/sellos-banner.png','img/brand/sellos-icon.png',2,NULL,'2020-09-27 03:28:19'),(15,'motoresdecortina','Motores De Cortina',NULL,'img/brand/motoresindustriales-banner.png','img/brand/motores_industriales-icon.png',3,NULL,'2020-12-31 03:02:44'),(16,'puertasdeaceroymadera','Puertas De Acero Y Madera',NULL,'img/brand/puertasdeaceroymadera-banner.png','img/brand/puertas_de_acero_y_madera-icon.png',3,NULL,'2020-12-30 04:44:04'),(17,'cortinasdeacero','Cortinas De Acero',NULL,'img/brand/cortinasdeacero-banner.png','img/brand/cortinas_de_acero-icon.png',3,NULL,'2020-12-31 02:37:48'),(18,'controldeacceso','Control De Acceso',NULL,'img/brand/controldeacceso-banner.png','img/brand/control_de_acceso-icon.png',3,NULL,'2020-12-30 04:44:48'),(19,'puertasdeimpacto','Puertas De Impacto',NULL,'img/brand/puertasdeimpacto-banner.png','img/brand/puertas_de_impacto-icon.png',3,NULL,'2020-12-31 02:38:15'),(20,'motoresparapuertasbatientes','Motores Para Puertas Batientes',NULL,'img/brand/motoresparapuertasbatientes-banner.png','img/brand/motoresparapuertasbatientes-icon.png',1,'2020-08-25 06:51:57','2020-09-27 02:43:02'),(22,'sensoresdeproximidad','Sensores De Proximidad',NULL,NULL,'img/brand/sensoresdeproximidad-icon.png',3,'2020-09-16 02:17:57','2020-12-31 02:36:41'),(23,'motoreshighspeed','Motores High Speed',NULL,NULL,NULL,1,'2020-12-29 22:37:37','2020-12-29 22:37:37'),(24,'controlesvehiculares','Controles Vehiculares',NULL,NULL,NULL,1,'2020-12-30 00:24:28','2020-12-30 00:24:28'),(25,'puertascontraincendio','Puertas Contra Incendio',NULL,NULL,NULL,2,'2020-12-30 03:36:46','2020-12-30 03:36:46'),(26,'puertasderefrigeraciónycámarasdecongelación','Puertas De Refrigeración Y Cámaras De Congelación',NULL,NULL,NULL,2,'2020-12-30 04:04:16','2020-12-30 04:04:16'),(28,'motoresdecortina','Motores De Cortina',NULL,NULL,'img/brand/motoresdecortina-icon.png',1,'2020-12-31 02:52:11','2020-12-31 02:52:11');
/*!40000 ALTER TABLE `categories` ENABLE KEYS */;
UNLOCK TABLES;

--
-- Table structure for table `downloads`
--

DROP TABLE IF EXISTS `downloads`;
/*!40101 SET @saved_cs_client     = @@character_set_client */;
/*!40101 SET character_set_client = utf8 */;
CREATE TABLE `downloads` (
  `id` int(10) unsigned NOT NULL AUTO_INCREMENT,
  `path` varchar(191) COLLATE utf8mb4_unicode_ci NOT NULL,
  `is_video` int(11) DEFAULT NULL,
  `article_id` int(10) unsigned NOT NULL,
  `created_at` timestamp NULL DEFAULT NULL,
  `updated_at` timestamp NULL DEFAULT NULL,
  PRIMARY KEY (`id`) USING BTREE,
  KEY `downloads_article_id_foreign` (`article_id`) USING BTREE,
  CONSTRAINT `downloads_article_id_foreign` FOREIGN KEY (`article_id`) REFERENCES `articles` (`id`) ON DELETE CASCADE
) ENGINE=InnoDB AUTO_INCREMENT=240 DEFAULT CHARSET=utf8mb4 COLLATE=utf8mb4_unicode_ci ROW_FORMAT=DYNAMIC;
/*!40101 SET character_set_client = @saved_cs_client */;

--
-- Dumping data for table `downloads`
--

LOCK TABLES `downloads` WRITE;
/*!40000 ALTER TABLE `downloads` DISABLE KEYS */;
INSERT INTO `downloads` VALUES (2,'article_downloads/barrera-wide.pdf',0,4,'2020-08-12 19:22:53','2020-08-12 19:22:53'),(3,'article_downloads/barrera-mbar.pdf',0,6,'2020-08-19 14:48:34','2020-08-19 14:48:34'),(4,'article_downloads/motor-spido.pdf',0,9,'2020-08-20 14:48:32','2020-08-20 14:48:32'),(5,'article_downloads/barrera-mbar.pdf',0,122,'2020-09-02 11:54:20','2020-09-02 11:54:20'),(6,'article_downloads/motor-sumo.pdf',0,10,'2020-09-03 13:00:34','2020-09-03 13:00:34'),(11,'article_downloads/tub.pdf',0,8,'2020-09-03 14:45:15','2020-09-03 14:45:15'),(12,'article_downloads/serie-motor-robus.pdf',0,112,'2020-09-03 14:49:22','2020-09-03 14:49:22'),(13,'article_downloads/era-l.pdf',0,134,'2020-09-04 00:27:03','2020-09-04 00:27:03'),(14,'article_downloads/era-lh.pdf',0,135,'2020-09-04 00:30:33','2020-09-04 00:30:33'),(15,'article_downloads/era-m.pdf',0,136,'2020-09-04 00:34:39','2020-09-04 00:34:39'),(16,'article_downloads/era-xlh.pdf',0,137,'2020-09-04 00:42:35','2020-09-04 00:42:35'),(17,'article_downloads/motor-hyppo-700.pdf',0,110,'2020-09-04 00:44:07','2020-09-04 00:44:07'),(18,'article_downloads/motor-walky-1024.pdf',0,105,'2020-09-04 00:45:24','2020-09-04 00:45:24'),(20,'article_downloads/motor-toona-4024.pdf',0,108,'2020-09-04 00:48:24','2020-09-04 00:48:24'),(21,'article_downloads/motor-toona-7024.pdf',0,109,'2020-09-04 00:48:36','2020-09-04 00:48:36'),(22,'article_downloads/motor-gh250.pdf',0,131,'2020-09-04 00:48:51','2020-09-04 00:48:51'),(23,'article_downloads/motor-gh645.pdf',0,138,'2020-09-04 00:53:38','2020-09-04 00:53:38'),(24,'article_downloads/control-era.pdf',0,139,'2020-09-04 01:28:03','2020-09-04 01:28:03'),(25,'article_downloads/tub.pdf',0,104,'2020-09-04 01:36:23','2020-09-04 01:36:23'),(26,'article_downloads/sensor-volo.pdf',0,140,'2020-09-04 01:51:03','2020-09-04 01:51:03'),(27,'article_downloads/full--view.pdf',0,103,'2020-09-08 01:16:50','2020-09-08 01:16:50'),(28,'article_downloads/barrera-wide.pdf',0,5,'2020-09-08 01:17:15','2020-09-08 01:17:15'),(29,'article_downloads/cortina-corta-fuego.pdf',0,144,'2020-09-08 01:48:15','2020-09-08 01:48:15'),(30,'article_downloads/visio-curvo.pdf',0,23,'2020-09-09 05:47:56','2020-09-09 05:47:56'),(31,'article_downloads/puertas-automáticas-de-evacuacion-(sos).pdf',0,24,'2020-09-09 05:48:42','2020-09-09 05:48:42'),(32,'article_downloads/puertas-automáticas-antiexplosivos.pdf',0,25,'2020-09-09 05:48:59','2020-09-09 05:48:59'),(33,'article_downloads/shutter-corta-fuego.pdf',0,26,'2020-09-09 05:50:23','2020-09-09 05:50:23'),(36,'article_downloads/puerta-giratorio-manual-estandar.pdf',0,123,'2020-09-09 05:54:53','2020-09-09 05:54:53'),(37,'article_downloads/puerta-giratorio-manual-transparente.pdf',0,126,'2020-09-09 05:55:55','2020-09-09 05:55:55'),(38,'article_downloads/ficha-visio-hermético.pdf',0,28,'2020-09-09 06:00:54','2020-09-09 06:00:54'),(39,'article_downloads/puertas-automáticas-para-quirofano-corrediza.pdf',0,31,'2020-09-09 06:01:28','2020-09-09 06:01:28'),(40,'article_downloads/puerta-de-emergencia.pdf',0,30,'2020-09-09 06:01:50','2020-09-09 06:01:50'),(41,'article_downloads/ficha-vector-motor-batientes.pdf',0,29,'2020-09-09 06:03:26','2020-09-09 06:03:26'),(45,'article_downloads/rampa-de-anden-hidraulica-hp.pdf',0,47,'2020-09-09 06:11:41','2020-09-09 06:11:41'),(46,'article_downloads/rampa-de-anden-hidraulica-hp.pdf',0,49,'2020-09-09 06:13:29','2020-09-09 06:13:29'),(47,'article_downloads/rampa-de-labio-hidraulica-eoh.pdf',0,51,'2020-09-09 06:14:45','2020-09-09 06:14:45'),(48,'article_downloads/rampa-de-anden-de-labio-mecanico-meldf.pdf',0,53,'2020-09-09 06:16:05','2020-09-09 06:16:05'),(49,'article_downloads/rampa-para-vagones-de-tren-rrhh.pdf',0,55,'2020-09-09 06:17:21','2020-09-09 06:17:21'),(50,'article_downloads/gh-sello-de-andén-cabezal-cortina-fijo-en-l.pdf',0,62,'2020-09-09 06:22:21','2020-09-09 06:22:21'),(51,'article_downloads/gh-sellos-de-anden-cabezal-solido-fijo.pdf',0,63,'2020-09-09 06:23:13','2020-09-09 06:23:13'),(52,'article_downloads/gh-sello-de-andén-cabezal-combinado.pdf',0,64,'2020-09-09 06:24:13','2020-09-09 06:24:13'),(55,'article_downloads/gh-sello-de-andén-cabezal-ajustable-pull-cord-cortina.pdf',0,65,'2020-09-09 06:25:43','2020-09-09 06:25:43'),(58,'article_downloads/gh-sellos-de-anden-cabezal-solido-fijo-en-l.pdf',0,68,'2020-09-09 06:27:10','2020-09-09 06:27:10'),(59,'article_downloads/gh-sello-de-andén-cabezal-cortina-fijo-en-l.pdf',0,67,'2020-09-09 06:27:33','2020-09-09 06:27:33'),(60,'article_downloads/gh-shelter-de-andén-suave-de-compresión.pdf',0,70,'2020-09-09 06:29:32','2020-09-09 06:29:32'),(61,'article_downloads/puertas-automáticas-veracruz--puertas-de-emergencia-.pdf',0,74,'2020-09-09 06:31:26','2020-09-09 06:31:26'),(62,'article_downloads/puertas-automáticas-veracruz--puertas-de-emergencia-.pdf',0,75,'2020-09-09 06:31:51','2020-09-09 06:31:51'),(63,'article_downloads/cortina-corta-fuego.pdf',0,143,'2020-09-09 06:45:16','2020-09-09 06:45:16'),(64,'article_downloads/cortina-vs-fuego-7500.pdf',0,86,'2020-09-09 06:50:53','2020-09-09 06:50:53'),(65,'article_downloads/ficha-cortina-antihuracan-hiresa.pdf',0,87,'2020-09-09 06:52:35','2020-09-09 06:52:35'),(66,'article_downloads/torniquete-cuerpo-completo.pdf',0,90,'2020-09-09 06:55:21','2020-09-09 06:55:21'),(68,'article_downloads/puerta-de-impacto-hcg-10.pdf',0,93,'2020-09-09 06:56:03','2020-09-09 06:56:03'),(70,'article_downloads/puerta-de-impacto-lwp-3.pdf',0,95,'2020-09-09 06:57:39','2020-09-09 06:57:39'),(71,'article_downloads/puerta-de-impacto-lwp-6.pdf',0,92,'2020-09-09 06:57:51','2020-09-09 06:57:51'),(72,'article_downloads/ficha-cortina-antihuracan-hiresa.pdf',0,129,'2020-09-09 07:53:43','2020-09-09 07:53:43'),(73,'article_downloads/cortina-de-parrilla.pdf',0,146,'2020-09-15 05:14:00','2020-09-15 05:14:00'),(74,'article_downloads/puertas-automáticas-giratorias-de-gran-diámetro_reduce_reduce_reduce-(1).pdf',0,125,'2020-09-16 00:57:12','2020-09-16 00:57:12'),(75,'article_downloads/puertas-automáticas-giratoria-automatica-transparente.pdf',0,127,'2020-09-16 01:00:44','2020-09-16 01:00:44'),(76,'article_downloads/puertas-automáticas-giratoria-multi-función.pdf',0,128,'2020-09-16 01:01:00','2020-09-16 01:01:00'),(77,'article_downloads/rampa-de-patio.pdf',0,48,'2020-09-16 01:08:56','2020-09-16 01:08:56'),(78,'article_downloads/rampa-de-andén-mecanica-mp.pdf',0,50,'2020-09-16 01:15:35','2020-09-16 01:15:35'),(79,'article_downloads/rampa-de-anden-de-aire-ca.pdf',0,52,'2020-09-16 01:15:53','2020-09-16 01:15:53'),(80,'article_downloads/nivelador-hidraulico-vertical-vsh.pdf',0,54,'2020-09-16 01:16:05','2020-09-16 01:16:05'),(81,'article_downloads/gancho-para-anden-hold-tite.pdf',0,56,'2020-09-16 01:26:46','2020-09-16 01:26:46'),(82,'article_downloads/gancho-para-anden-unilock.pdf',0,57,'2020-09-16 01:27:08','2020-09-16 01:27:08'),(83,'article_downloads/gancho-para-andén-tpr.pdf',0,59,'2020-09-16 01:27:21','2020-09-16 01:27:21'),(85,'article_downloads/gancho-para-anden-mecánico-stoptite-mal-(1).pdf',0,61,'2020-09-16 01:29:52','2020-09-16 01:29:52'),(86,'article_downloads/gh-shelter-de-andén-rígido.pdf',0,69,'2020-09-16 01:32:23','2020-09-16 01:32:23'),(92,'article_downloads/ficha-tecnica-gh250.pdf',0,131,'2020-09-16 01:48:27','2020-09-16 01:48:27'),(94,'article_downloads/gh-protector-para-lluvia.pdf',0,62,'2020-09-16 01:54:09','2020-09-16 01:54:09'),(95,'article_downloads/gh-protector-para-lluvia.pdf',0,63,'2020-09-16 01:54:17','2020-09-16 01:54:17'),(96,'article_downloads/gh-protector-para-lluvia.pdf',0,64,'2020-09-16 01:54:22','2020-09-16 01:54:22'),(97,'article_downloads/gh-protector-para-lluvia.pdf',0,65,'2020-09-16 01:54:27','2020-09-16 01:54:27'),(99,'article_downloads/gh-protector-para-lluvia.pdf',0,67,'2020-09-16 01:54:37','2020-09-16 01:54:37'),(100,'article_downloads/gh-protector-para-lluvia.pdf',0,68,'2020-09-16 01:54:43','2020-09-16 01:54:43'),(101,'article_downloads/gh-protector-para-lluvia.pdf',0,69,'2020-09-16 01:54:49','2020-09-16 01:54:49'),(102,'article_downloads/gh-protector-para-lluvia.pdf',0,70,'2020-09-16 01:54:55','2020-09-16 01:54:55'),(103,'article_downloads/fribra-de-vidrio.pdf',0,77,'2020-09-16 02:05:58','2020-09-16 02:05:58'),(104,'article_downloads/puertas-automáticas-veracruz--puertas-de-emergencia-.pdf',0,77,'2020-09-16 02:05:58','2020-09-16 02:05:58'),(105,'article_downloads/fribra-de-vidrio.pdf',0,76,'2020-09-16 02:06:10','2020-09-16 02:06:10'),(106,'article_downloads/puertas-automáticas-veracruz--puertas-de-emergencia-.pdf',0,76,'2020-09-16 02:06:10','2020-09-16 02:06:10'),(107,'article_downloads/fribra-de-vidrio.pdf',0,75,'2020-09-16 02:06:20','2020-09-16 02:06:20'),(108,'article_downloads/puertas-automáticas-veracruz--puertas-de-emergencia-.pdf',0,75,'2020-09-16 02:06:20','2020-09-16 02:06:20'),(109,'article_downloads/puerta-de-impacto-hcg-10.pdf',0,96,'2020-09-16 02:09:56','2020-09-16 02:09:56'),(110,'article_downloads/golden-hsc.pdf',0,133,'2020-09-16 02:16:00','2020-09-16 02:16:00'),(111,'article_downloads/light-500r.pdf',0,113,'2020-09-16 02:16:28','2020-09-16 02:16:28'),(112,'article_downloads/producto-ms08.pdf',0,150,'2020-09-16 02:20:07','2020-09-16 02:20:07'),(113,'article_downloads/producto-ms09.pdf',0,151,'2020-09-16 02:21:50','2020-09-16 02:21:50'),(114,'article_downloads/producto-ms11.pdf',0,152,'2020-09-16 02:23:21','2020-09-16 02:23:21'),(115,'article_downloads/producto-ms21h.pdf',0,153,'2020-09-16 02:25:30','2020-09-16 02:25:30'),(116,'article_downloads/bisagra-con-balero.pdf',0,20,'2020-09-16 02:27:10','2020-09-16 02:27:10'),(117,'article_downloads/bisagra-con-belero.pdf',0,20,'2020-09-16 02:27:10','2020-09-16 02:27:10'),(118,'article_downloads/bisagra-de-2-alas-con-perno-de-16.pdf',0,20,'2020-09-16 02:27:10','2020-09-16 02:27:10'),(119,'article_downloads/bisagra-de-2-alas-con-perno-de-20.pdf',0,20,'2020-09-16 02:27:10','2020-09-16 02:27:10'),(120,'article_downloads/bisagra-inferior-grande-a-1-ala.pdf',0,20,'2020-09-16 02:27:10','2020-09-16 02:27:10'),(121,'article_downloads/bisagra-inferior-grande-de-2-alas.pdf',0,20,'2020-09-16 02:27:10','2020-09-16 02:27:10'),(122,'article_downloads/bisagra-lateral-grande-1-ala.pdf',0,20,'2020-09-16 02:27:10','2020-09-16 02:27:10'),(123,'article_downloads/tope-fin-de-carrera.pdf',0,154,'2020-09-16 02:28:02','2020-09-16 02:28:02'),(124,'article_downloads/tope-final-de-carrera-(2).pdf',0,154,'2020-09-16 02:28:02','2020-09-16 02:28:02'),(125,'article_downloads/tope-final-de-carrera.pdf',0,154,'2020-09-16 02:28:02','2020-09-16 02:28:02'),(126,'article_downloads/tope-para-puertas-de-atornillable.pdf',0,154,'2020-09-16 02:28:02','2020-09-16 02:28:02'),(127,'article_downloads/tope-para-puertas-de-doble-hoja-atornillable.pdf',0,154,'2020-09-16 02:28:02','2020-09-16 02:28:02'),(128,'article_downloads/tope-para-puertas-encolable.pdf',0,154,'2020-09-16 02:28:02','2020-09-16 02:28:02'),(129,'article_downloads/perno-de-conexión-guía-omega-2.pdf',0,155,'2020-09-16 02:28:35','2020-09-16 02:28:35'),(130,'article_downloads/perno-de-conexión-guía-omega.pdf',0,155,'2020-09-16 02:28:35','2020-09-16 02:28:35'),(131,'article_downloads/perno-pascal-2.pdf',0,155,'2020-09-16 02:28:35','2020-09-16 02:28:35'),(132,'article_downloads/perno-puerta-plegadiza.pdf',0,155,'2020-09-16 02:28:35','2020-09-16 02:28:35'),(133,'article_downloads/encuentro-intermedio-para-puerta.pdf',0,156,'2020-09-16 02:28:59','2020-09-16 02:28:59'),(134,'article_downloads/guía-descarrilamiento-73sx-y-74sx.pdf',0,156,'2020-09-16 02:28:59','2020-09-16 02:28:59'),(135,'article_downloads/guía-new-omega.pdf',0,156,'2020-09-16 02:28:59','2020-09-16 02:28:59'),(136,'article_downloads/guía-para-reuda-de-puerta-plegable.pdf',0,156,'2020-09-16 02:28:59','2020-09-16 02:28:59'),(137,'article_downloads/guía-porta-cepillo.pdf',0,156,'2020-09-16 02:28:59','2020-09-16 02:28:59'),(138,'article_downloads/guía-superior-para-portones-corredizos.pdf',0,156,'2020-09-16 02:28:59','2020-09-16 02:28:59'),(139,'article_downloads/guía-superior-puerta-corrediza.pdf',0,156,'2020-09-16 02:28:59','2020-09-16 02:28:59'),(140,'article_downloads/guía-zincada-de-3m..pdf',0,156,'2020-09-16 02:28:59','2020-09-16 02:28:59'),(141,'article_downloads/guía-zincada-para-desviados.pdf',0,156,'2020-09-16 02:28:59','2020-09-16 02:28:59'),(156,'article_downloads/carro-con-agujero-descentrado-ca.pdf',0,17,'2020-09-16 02:31:53','2020-09-16 02:31:53'),(157,'article_downloads/carro-con-agujeros-centrados.pdf',0,17,'2020-09-16 02:31:53','2020-09-16 02:31:53'),(158,'article_downloads/carro-con-ruedas-nylon.pdf',0,17,'2020-09-16 02:31:53','2020-09-16 02:31:53'),(159,'article_downloads/carro-con-soporte-para-guía-mono.pdf',0,17,'2020-09-16 02:31:53','2020-09-16 02:31:53'),(160,'article_downloads/carro-de-8-ruedas-de-70-para-puerta-suspendida.pdf',0,17,'2020-09-16 02:31:53','2020-09-16 02:31:53'),(161,'article_downloads/carro-de-acero-ca-4rd.pdf',0,17,'2020-09-16 02:31:53','2020-09-16 02:31:53'),(162,'article_downloads/carro-de-acero-con-agujero-ce.pdf',0,17,'2020-09-16 02:31:53','2020-09-16 02:31:53'),(163,'article_downloads/carro-para-puerta-corrediza-línea-silent.pdf',0,17,'2020-09-16 02:31:53','2020-09-16 02:31:53'),(164,'article_downloads/rueda-cilíndrica-de-nylon.pdf',0,157,'2020-09-16 02:33:33','2020-09-16 02:33:33'),(165,'article_downloads/rueda-con-soporte-balanceado.pdf',0,157,'2020-09-16 02:33:33','2020-09-16 02:33:33'),(166,'article_downloads/rueda-con-soporte-de-90mm..pdf',0,157,'2020-09-16 02:33:33','2020-09-16 02:33:33'),(167,'article_downloads/rueda-con-soporte-para-guía.pdf',0,157,'2020-09-16 02:33:33','2020-09-16 02:33:33'),(168,'article_downloads/rueda-cubierta-nylon-línea-silent.pdf',0,157,'2020-09-16 02:33:33','2020-09-16 02:33:33'),(169,'article_downloads/rueda-de-soporte-a-74mm..pdf',0,157,'2020-09-16 02:33:33','2020-09-16 02:33:33'),(170,'article_downloads/rueda-de-soporte-a-98mm..pdf',0,157,'2020-09-16 02:33:33','2020-09-16 02:33:33'),(171,'article_downloads/rueda-inf.-galvanizada-para-puertas.pdf',0,157,'2020-09-16 02:33:33','2020-09-16 02:33:33'),(172,'article_downloads/rueda-nylon-con-plana-y-cojinete.pdf',0,157,'2020-09-16 02:33:33','2020-09-16 02:33:33'),(173,'article_downloads/rueda-sin-soporte-de-80mm..pdf',0,157,'2020-09-16 02:33:33','2020-09-16 02:33:33'),(174,'article_downloads/rueda-sin-soporte-de-100-mm.pdf',0,157,'2020-09-16 02:33:33','2020-09-16 02:33:33'),(175,'article_downloads/rueda-sin-soporte-de-120-mm.pdf',0,157,'2020-09-16 02:33:33','2020-09-16 02:33:33'),(176,'article_downloads/soporte-de-guía.pdf',0,158,'2020-09-16 02:34:18','2020-09-16 02:34:18'),(177,'article_downloads/soporte-de-unión.pdf',0,158,'2020-09-16 02:34:18','2020-09-16 02:34:18'),(178,'article_downloads/tornillo120mm..pdf',0,159,'2020-09-16 02:34:58','2020-09-16 02:34:58'),(179,'article_downloads/cepillo-en-barra-de-2mts..pdf',0,160,'2020-09-16 02:35:22','2020-09-16 02:35:22'),(180,'article_downloads/soporte-a-la-pared-guía-gipi.pdf',0,161,'2020-09-16 02:39:04','2020-09-16 02:39:04'),(182,'article_downloads/2250.pdf',0,97,'2020-09-16 03:02:49','2020-09-16 03:02:49'),(183,'article_downloads/5216.pdf',0,98,'2020-09-16 03:03:51','2020-09-16 03:03:51'),(184,'article_downloads/5216.pdf',0,102,'2020-09-16 03:06:58','2020-09-16 03:06:58'),(185,'article_downloads/motor-too.pdf',0,107,'2020-09-16 03:11:26','2020-09-16 03:11:26'),(186,'article_downloads/100-sr-autorreparable-(esp).pdf',0,32,'2020-09-16 03:22:12','2020-09-16 03:22:12'),(187,'article_downloads/reforzada_interior_(esp).pdf',0,33,'2020-09-16 03:24:44','2020-09-16 03:24:44'),(188,'article_downloads/reforzada_exterior_(esp).pdf',0,34,'2020-09-16 03:25:45','2020-09-16 03:25:45'),(189,'article_downloads/150-dl-autorreparable-doble-lona-(esp).pdf',0,35,'2020-09-16 03:26:27','2020-09-16 03:26:27'),(190,'article_downloads/140-ra-red-aut-(esp).pdf',0,36,'2020-09-16 03:27:07','2020-09-16 03:27:07'),(191,'article_downloads/autorreparable_atex_(esp).pdf',0,37,'2020-09-16 03:27:38','2020-09-16 03:27:38'),(192,'article_downloads/114rl001-laboratorio-2014-pac3-(esp).pdf',0,38,'2020-09-16 03:28:13','2020-09-16 03:28:13'),(193,'article_downloads/puertas-automáticas-de-veracruz-autorreparable-frigorifica.pdf',0,39,'2020-09-16 03:28:27','2020-09-16 03:28:27'),(194,'article_downloads/800cp001-corredera-frigorífica-conservación-(esp).pdf',0,41,'2020-09-16 03:31:06','2020-09-16 03:31:06'),(195,'article_downloads/biport_exterior_(esp).pdf',0,42,'2020-09-16 03:32:32','2020-09-16 03:32:32'),(196,'article_downloads/230bc001_biport_cortafuegos_(esp).pdf',0,43,'2020-09-16 03:32:50','2020-09-16 03:32:50'),(197,'article_downloads/800cp001-corredera-frigorífica-conservación-(esp).pdf',0,44,'2020-09-16 03:34:23','2020-09-16 03:34:23'),(198,'article_downloads/800cn001-corredera-frigorífica-congelación-(esp).pdf',0,45,'2020-09-16 03:34:34','2020-09-16 03:34:34'),(199,'article_downloads/810pn001-pivotante-congelación-(esp).pdf',0,46,'2020-09-16 03:34:57','2020-09-16 03:34:57'),(200,'article_downloads/810pp001-pivotante-conservación-(esp).pdf',0,46,'2020-09-16 03:34:57','2020-09-16 03:34:57'),(205,'article_downloads/motor-wingo-3524-hs.pdf',0,170,'2020-12-29 22:47:29','2020-12-29 22:47:29'),(206,'article_downloads/motor-robus-500-hs.pdf',0,171,'2020-12-29 22:50:38','2020-12-29 22:50:38'),(217,'article_downloads/serie-motor-run.pdf',0,7,'2020-12-30 22:25:41','2020-12-30 22:25:41'),(218,'article_downloads/serie-motor-robus.pdf',0,111,'2020-12-30 22:26:16','2020-12-30 22:26:16'),(219,'article_downloads/np-173-2717-sterling-flush-smooth.pdf',0,100,'2020-12-30 22:33:56','2020-12-30 22:33:56'),(220,'article_downloads/motor-wingo-3524-hs.pdf',0,106,'2020-12-30 22:40:43','2020-12-30 22:40:43'),(221,'article_downloads/motor-run-400-1200-hs.pdf',0,166,'2020-12-30 23:40:37','2020-12-30 23:40:37'),(222,'article_downloads/serie-motor-run.pdf',0,167,'2020-12-30 23:42:22','2020-12-30 23:42:22'),(223,'article_downloads/motor-toona-5424-hs.pdf',0,168,'2020-12-30 23:42:47','2020-12-30 23:42:47'),(224,'article_downloads/m-fab-3024-hs.pdf',0,169,'2020-12-30 23:44:18','2020-12-30 23:44:18'),(225,'article_downloads/catálogo-puertas-automátcas-de-veracruz--puertas-automáticas--comprimido.pdf',0,22,'2020-12-31 00:20:14','2020-12-31 00:20:14'),(226,'article_downloads/catálogo-puertas-automátcas-de-veracruz--puertas-automáticas--comprimido.pdf',0,21,'2020-12-31 00:21:04','2020-12-31 00:21:04'),(228,'article_downloads/catálogo-puertas-automáticas-de-veracruz--controles-de-acceso-.pdf',0,27,'2020-12-31 00:23:39','2020-12-31 00:23:39'),(229,'article_downloads/catálogo-puertas-automátcas-de-veracruz--puertas-automáticas--comprimido.pdf',0,124,'2020-12-31 00:34:04','2020-12-31 00:34:04'),(230,'article_downloads/puertas-automáticas-giratorias-de-gran-diámetro-comprimido.pdf',0,175,'2020-12-31 00:35:42','2020-12-31 00:35:42'),(231,'article_downloads/gancho-para-anden-automático-stoptite-aal-comprimido.pdf',0,60,'2020-12-31 02:12:30','2020-12-31 02:12:30'),(232,'article_downloads/motor-pro-lha.pdf',0,147,'2020-12-31 02:45:16','2020-12-31 02:45:16'),(233,'article_downloads/motor-pro-lh.pdf',0,149,'2020-12-31 02:47:43','2020-12-31 02:47:43'),(234,'article_downloads/motor-1hp.pdf',0,178,'2020-12-31 02:49:31','2020-12-31 02:49:31'),(235,'article_downloads/rondo-ficha.pdf',0,179,'2020-12-31 02:55:22','2020-12-31 02:55:22'),(236,'article_downloads/puertas-automáticas-veracruz-motor-de-impulso-giro.pdf',0,180,'2020-12-31 02:57:22','2020-12-31 02:57:22'),(237,'article_downloads/motor-pro-lha.pdf',0,182,'2020-12-31 02:58:59','2020-12-31 02:58:59'),(238,'article_downloads/motor-pro-lh.pdf',0,183,'2020-12-31 02:59:54','2020-12-31 02:59:54'),(239,'article_downloads/motor-1hp.pdf',0,184,'2020-12-31 03:00:41','2020-12-31 03:00:41');
/*!40000 ALTER TABLE `downloads` ENABLE KEYS */;
UNLOCK TABLES;

--
-- Table structure for table `families`
--

DROP TABLE IF EXISTS `families`;
/*!40101 SET @saved_cs_client     = @@character_set_client */;
/*!40101 SET character_set_client = utf8 */;
CREATE TABLE `families` (
  `id` int(10) unsigned NOT NULL AUTO_INCREMENT,
  `name` varchar(191) COLLATE utf8mb4_unicode_ci DEFAULT NULL,
  `display_name` varchar(191) COLLATE utf8mb4_unicode_ci DEFAULT NULL,
  `description` varchar(191) COLLATE utf8mb4_unicode_ci DEFAULT NULL,
  `img_path` varchar(191) COLLATE utf8mb4_unicode_ci DEFAULT NULL,
  `icon_path` varchar(191) COLLATE utf8mb4_unicode_ci DEFAULT NULL,
  `created_at` timestamp NULL DEFAULT NULL,
  `updated_at` timestamp NULL DEFAULT NULL,
  PRIMARY KEY (`id`) USING BTREE
) ENGINE=InnoDB AUTO_INCREMENT=4 DEFAULT CHARSET=utf8mb4 COLLATE=utf8mb4_unicode_ci ROW_FORMAT=DYNAMIC;
/*!40101 SET character_set_client = @saved_cs_client */;

--
-- Dumping data for table `families`
--

LOCK TABLES `families` WRITE;
/*!40000 ALTER TABLE `families` DISABLE KEYS */;
INSERT INTO `families` VALUES (1,'residencial','RESIDENCIAL','lfcrkK9DoElxaWhja5Ix',NULL,NULL,NULL,'2020-12-30 03:38:33'),(2,'industrial','INDUSTRIAL','JhXYvOiHS5Kh9KLe6bnr',NULL,NULL,NULL,'2020-12-30 03:38:24'),(3,'comercial','COMERCIAL','JhXYvOiHS5Kh9KLe6bnr',NULL,NULL,'2020-12-30 03:38:08','2020-12-30 04:04:55');
/*!40000 ALTER TABLE `families` ENABLE KEYS */;
UNLOCK TABLES;

--
-- Table structure for table `mensajes`
--

DROP TABLE IF EXISTS `mensajes`;
/*!40101 SET @saved_cs_client     = @@character_set_client */;
/*!40101 SET character_set_client = utf8 */;
CREATE TABLE `mensajes` (
  `id` int(10) unsigned NOT NULL AUTO_INCREMENT,
  `nombre` varchar(191) COLLATE utf8mb4_unicode_ci NOT NULL,
  `correo` varchar(191) COLLATE utf8mb4_unicode_ci NOT NULL,
  `telefono` varchar(191) COLLATE utf8mb4_unicode_ci DEFAULT NULL,
  `mensaje` text COLLATE utf8mb4_unicode_ci,
  `interes` varchar(191) COLLATE utf8mb4_unicode_ci DEFAULT NULL,
  `family` varchar(191) COLLATE utf8mb4_unicode_ci DEFAULT NULL,
  `is_new` tinyint(1) DEFAULT NULL,
  `created_at` timestamp NULL DEFAULT NULL,
  `updated_at` timestamp NULL DEFAULT NULL,
  PRIMARY KEY (`id`) USING BTREE
) ENGINE=InnoDB AUTO_INCREMENT=30 DEFAULT CHARSET=utf8mb4 COLLATE=utf8mb4_unicode_ci ROW_FORMAT=DYNAMIC;
/*!40101 SET character_set_client = @saved_cs_client */;

--
-- Dumping data for table `mensajes`
--

LOCK TABLES `mensajes` WRITE;
/*!40000 ALTER TABLE `mensajes` DISABLE KEYS */;
INSERT INTO `mensajes` VALUES (1,'Omar hernandez','Hernandezbaxinomarcecilio@gmail.com',NULL,'Me podría proporcionar un numero al cual pueda marcar porque el que tengo me dice que esta fuera de servicio por favor',NULL,NULL,NULL,'2020-08-15 13:10:19','2020-08-15 13:10:19'),(2,'MARCO YAIR','myas36@hotmail.com',NULL,'solicito cotizacion','sistema de cabezal automatico manuza',NULL,NULL,'2020-08-15 17:07:57','2020-08-15 17:07:57'),(3,'alberto gutierrez','albertogutierrez710@gmail.com',NULL,'hola me podrian facilitar el numero del instalador en veracruz.... para mantener la garantia del equipo','instalacion de un motor nice spydo',NULL,NULL,'2020-08-20 08:59:33','2020-08-20 08:59:33'),(4,'Alan Kuhlmann','alankuhlmann1@gmail.com',NULL,'Algún número de teléfono para comunicarme???',NULL,NULL,NULL,'2020-08-22 07:53:30','2020-08-22 07:53:30'),(5,'Carlos A. Sanchez Cruz','augusto-san@hotmail.com',NULL,'Cotización de una portón corredizo curvo para una casa habitación.\r\nGracias.','Portón Corredizo Curvo',NULL,NULL,'2020-08-24 14:39:24','2020-08-24 14:39:24'),(6,'Daniel','danieltelle@hotmail.com',NULL,'Buen día para realizar un presupuesto de pluma de acceso por favor','Presupuesto',NULL,NULL,'2020-08-29 08:06:24','2020-08-29 08:06:24'),(7,'ZUMA PROCESADORA EN CRISTAL TEMPLADO','normaventaszuma@hotmail.com',NULL,'Buenos tardes.\r\n\r\n \r\n \r\nZUMA PROCESADORA EN CRISTAL, empresa especializada en el procesamiento de todo tipo de cristal ya sea recocido, templado, laminado con EVA, pintado, doble acristalamiento e impreso digitalmente por mencionar algunos de los productos que ofrecemos.\r\n\r\nLaminamos Tela, Malla, Papel, Plástico.\r\n\r\nEn sus 2  primeras compras, para que  conozca nuestro servicio, calidad y tiempo de entrega\r\n\r\nTemplado claro 10mm $ 750.00M2\r\nTemplado claro   6mm $ 480.00M2\r\n\r\n Incluye:  5 Procesos y canto pulido perimetral.\r\nTiempo de entrega: 3 a 5 días hábiles.\r\n\r\n\r\nQuedo a sus órdenes para cualquier cotización.\r\n\r\n \r\nSaludos.\r\nNorma castro\r\n55600893\r\n55600918\r\nCel.5612594032','Nos ponemos a sus ordenes en suministor de cristal templado',NULL,NULL,'2020-09-01 12:50:01','2020-09-01 12:50:01'),(8,'Gerardo Cardoso','nextcamsoporte@gmail.com',NULL,'Buen día me podrías cotizar lo siguiente:\r\n1 Brazo hidráulico facc 400,\r\n1 Receptor lift Master\r\n1 Botonera\r\n1 Fotoceldas\r\n50 Controles multifrecuencia Merik \r\n\r\n---------------------------------------------\r\n1 Brazo hidráulico bat 300\r\n1 Receptor lift Master\r\n1 Botonera\r\n1 Fotocelda\r\n50 Controles multifrecuencia Merik \r\n\r\n--------------------------------------------\r\n\r\n1 CONTROL DE ACCESO VEHICULAR 2 PISTONES ALTO FLUJO RESIDENCIAL\r\n1 BOTONERA DE CERRADO Y APERTURA \r\n1 CONTROL DE ACCESO PARA DOS HOJAS \r\n50 CONTROLES','Cotización',NULL,NULL,'2020-09-08 01:25:59','2020-09-08 01:25:59'),(9,'Sergio Monroy','cheko.monroy@gmail.com',NULL,'buenas tardes tengo dos puertas de 2.5mts largo por 2.2mts de alto fabricadas con puro ptr, cual me recomendarias y que precio tiene. \r\n\r\nquedo en espera de tus comentarios. \r\n\r\ngracias','sistema para puertas batientes',NULL,NULL,'2020-09-22 05:35:25','2020-09-22 05:35:25'),(10,'Gustavo Morales Elias','costos01romarco@gmail.com',NULL,'Buenas tardes! El motivo de escribirles es para solicitarles una cotización para puertas de salas de quirófano y puertas emplomadas para rayos \"x\".\r\n\r\nA sus ordenes!\r\nCel.: 55 3018 5638','Puertas para quirófano y puertas emplomadas',NULL,NULL,'2020-09-30 23:20:20','2020-09-30 23:20:20'),(11,'Itzel','dra.itzel.patologia@gmail.com',NULL,'Buen día ustedes realizan reparación aparte de instalación de portón eléctrico, busco profesional confiable para trabajo de reparación gracias','Reparacion',NULL,NULL,'2020-10-05 17:44:58','2020-10-05 17:44:58'),(12,'Angelberto Angulo','angelberto.angulo@gmail.com',NULL,'Cotización URGENTE de puerta enrollable para zona costera de huracanes\r\n\r\n\r\nEstimados Señores\r\n\r\nLamento pedir su ayuda para darme lo antes posible, (de ahí mis disculpas), su mejor precio estimado para una puerta enrollable para cubrir una abertura de 4.50 metros de ancho o ancho con una altura de 3.00 metros. He trabajado anteriormente con Uds y la Oficina de Villahermosa ya hace algunos años. Un antiguo cliente finalmente ha decidido reemplazar su puerta enrollable debido a los da;os del huracan Dante.\r\n\r\nDicha puerta enrollable se instalará en una zona costera del Caribe mexicano. Como tales, se requieren materiales resistentes a la oxidación.\r\n\r\nLa carrocería de la puerta enrollable debe tener súper rigidez y debe soportar fuertes presiones de viento ya que tenemos tormentas anuales de huracanes con vientos que van desde 175 kms por hora y hasta 220 kms como el huracán Dante que nos golpeó hace apenas unos días. Por ejemplo, el huracán Katrina hace unos años tenía velocidades de 280 kms por hora.\r\n\r\nPreferiblemente, la parte inferior del cuerpo de la puerta y los rieles en ambos lados deben sellarse.\r\n\r\nDicha puerta enrollable debe venir con un motor industrial con capacidad para operar al menos 45 veces en una hora, con liberación manual y mecanismo de apertura manual de cadena junto con medidas de seguridad tales como incluir un sistema de reversa de seguridad si es posible y un Protector de IR Sistema por obstrucciones.\r\n \r\n\r\nAmbas medidas de seguridad son importantes para nosotros.\r\n\r\nSe agradece la inclusión de características como cerradura exterior - liberación rápida exterior, kit de luz intermitente o sistema de respaldo de batería.\r\n\r\nNecesitaría dos presupuestos con dos materiales diferentes. Dicha puerta enrollable se instalará en un concesionario de automóviles y el propietario y los gerentes a veces valoran más la estética que la practicidad. Ojalá tengan algo que pueda lograr ambos.\r\n\r\nLa primera oferta con lamas de acero galvanizado y la segunda con lamas de aluminio\r\n\r\nColor negro si es posible.\r\n\r\nSe agradece la mejor estimación de los gastos de envío si es posible que cotice a la Ciudad de Cancún, Quintana Roo, México.\r\n\r\nToda su ayuda será muy apreciada para cotizar lo antes posible.\r\n\r\n\r\n-\r\nAngelberto Angulo III.\r\nAsesor de seguridad física\r\nCozumel, México\r\nCel: +52 1 (987) 564.5723\r\nemail1: angelberto.angulo@gmail.com\r\nemail2: angelberto.angulo@hotmail.com','Cotizacion Urgente Cortina Enrollable AntiHuracanes Hiresa',NULL,NULL,'2020-10-13 12:42:38','2020-10-13 12:42:38'),(13,'martin moreno','martin.moreno@esab.com',NULL,'buen dia me podrian realizar una cotizacion para una puerta de personal autmatica para una maquiladora','puerta de personal',NULL,NULL,'2020-10-14 23:14:21','2020-10-14 23:14:21'),(14,'OSCAR MORIEL','omoriel@prodigy.net.mx',NULL,'donde los puedo localizar para servicio de unas puertas y compra de un cabezal y refacciones para puertas automáticas en Chihuahua. Pase a su locales las granjas y esta cerrado','cabezales para puertas automáticas',NULL,NULL,'2020-10-15 19:15:17','2020-10-15 19:15:17'),(15,'erick gutierrez arguello','erick.gutierrez@grupoconstructo.com.mx',NULL,'solicito cotización de automatización de unos portones\r\nadjunto mi numero celular:\r\n272 1655167','cotizacion',NULL,NULL,'2020-10-20 01:07:15','2020-10-20 01:07:15'),(16,'CESAR RODRIGUEZ BALLEZA','e.munoz.empresarial@gmail.com',NULL,'1.- Puerta de 1.10x2.10M para cuarto de rayos X acabo en con plástico laminado color D13-60 Rosedustr y lamina de plomo, 3 bisagras latonadas de 76x76mm de espesor 2mm \r\n2.- Puerta de 0.90x2.10M para cuarto de rayos X acabado en con plastico laminado  color D13-60 Rosedustr y lamina de plomo, tripklay de 6mm marco 3 bisagras latonadas de 76x76mm de espesor 2mm','Puerta de Plomo',NULL,NULL,'2020-10-28 01:07:51','2020-10-28 01:07:51'),(17,'Luis jared hernandez flores','luis_jared35@hotmail.com',NULL,'Buen dia soy responsable de FLOGAR Portones Eléctricos Residenciales de Nueva Rosita Coahuila. Me interesa qdquurir portones directamente con ustedes y a que con el actual provedor que trabajamos nos esta quedando mal y no estamos cumpliendo con nuestros clientes. Mi cel es 8611043963 le agradezco su atención','Adquirir portones electricos en Monterrey. Soy representante de FLOGAR PORTONES ELÉCTRICOS RESIDENCIALES',NULL,NULL,'2020-11-02 07:12:02','2020-11-02 07:12:02'),(18,'Antonio Valdivia','antisa_arquitectos@hotmail.com',NULL,'buena tarde, requiero de una puerta de cristal automática que pueda controlar de forma manual y con censor de movimiento. el espacio de la puerta tiene 2.00m de largo por 2.20 de alto, la requiero de una sola pieza y que se abra toda hacia un solo lado. ojala me pudieran cotizar ya que estoy muy interesado en la adquisición de dicha puerta. gracias\r\n\r\nPD. la instalación de dicha puerta es en la ciudad de Huatusco Veracruz.\r\nArq. Antonio Valdivia \r\n228-311-53-41','cotizacion',NULL,NULL,'2020-11-04 07:25:19','2020-11-04 07:25:19'),(19,'Daniel Colin','arq.dcolin@gmail.com',NULL,'Soy Arq. Daniel Colin, me pongo a sus ordenes por si cuenta con alguna vacante para colaborar con ustedes, yo estoy en Querétaro.\r\n\r\nSoy experto especificador de puertas metalicas HMD, de madera, de impacto, especiales, emergencia, comerciales, industriales y Residenciales, y equipo de andén, según normas ANSI, NFPA o las que apliquen\r\n\r\nTrabajé para Proa / WKS más de 7 años','Puertas y equipos industriales',NULL,NULL,'2020-11-04 23:14:18','2020-11-04 23:14:18'),(20,'Alberto Mejia Saavedra','beto_mejia@hotmail.com',NULL,'Buenas tardes; \r\nSoy el Ing. Alberto Mejia me dedico a la automatización y control de accesos y me interesa adquirir una barrera de su catalogo; cual es el procedimiento para recibir una cotización y poder ser distribuidor de su marca?\r\nGracias por la atención prestada.\r\nSaludos cordiales.','Barrera WIDE M con mástil de 4 metros',NULL,NULL,'2020-11-18 02:48:19','2020-11-18 02:48:19'),(21,'MARTHA','construccionesgtr@hotmail.com',NULL,'Buenas tardes, favor de cotizar un portón estilo americano en color tipo madera, si es que lo manejan, a cuadros , liso o a rayas, con ventanas decorativas sencillas para medida de claro de  6.00 x 2.30\r\nAl pendiente de la información, gracias','cotización',NULL,NULL,'2020-11-19 06:02:21','2020-11-19 06:02:21'),(22,'BARBARA','rafaelurteaga@hotmail.com',NULL,'Buenas tardes, tengo semanas marcndo a Puerta Automaticas de Veracruz y no constestan, tampoco por correo, aun estan laborando en la Cd. de Chihuahua??','tablilla electronica',NULL,NULL,'2020-11-25 04:49:06','2020-11-25 04:49:06'),(23,'Isabel Díaz','i_d_g11@hotmail.com',NULL,NULL,'cotizacion',NULL,NULL,'2020-11-28 04:45:34','2020-11-28 04:45:34'),(24,'Isabel Díaz','i_d_g11@hotmail.com',NULL,'Hola estoy buscando poner dos cortinas de acero en uña ventanas \r\nTe dejo mi WhatsApp para q me den información porfavor \r\n2291334404','Cortina de acero',NULL,NULL,'2020-11-28 04:49:35','2020-11-28 04:49:35'),(25,'Judith','mjpiana55@gmail.com',NULL,NULL,'cotizacion',NULL,NULL,'2020-11-29 22:53:28','2020-11-29 22:53:28'),(26,'GABRIELA CASTAÑON','gabriela.castanonv@yahoo.com',NULL,'Cotizacion para 2 PUERTAS CORREDIZAS AUTOMATICAS DE 2.00 x 2.10 Mts.       ALUMINIO NATURAL DE 2” Y CRISTAL CLARO DE 6 mm.       CABEZAL AUTOMATICO Y BOTONERAS INALAMBRICAS','puertas de acceso automaticas',NULL,NULL,'2020-12-03 05:09:32','2020-12-03 05:09:32'),(27,'ramiro chavez','ramiro.chavez@artecpisos.com.mx',NULL,'Que tal muy buenas tardes, necesito información sobre los controles residenciales, espero su respuesta.','controles residenciales',NULL,NULL,'2020-12-10 05:38:03','2020-12-10 05:38:03'),(28,'aldo guerrero','accestec01@gmail.com',NULL,'que tal buenas tardes  me dedico a la automatizacion en ags mi pregunta es si tiene a la venta cabezales manuza  y si me podria pasar precio ocupo un doble e un sencillo  recorde su nombre de un colega que compraba con ustedes de aqui de ags .  espero su respuesta;','compra de equipo',NULL,NULL,'2020-12-21 08:48:16','2020-12-21 08:48:16'),(29,'Jerónimo Rodríguez','Emferestructuras@gmail.com',NULL,'Ocupo una puerta automática de c.h.i. De 5 mts de alto,, x 6 mts de ancho,, con todos sus accesorios, motor herrajes etc,','Puertas de marca C.H.I.',NULL,NULL,'2020-12-23 00:33:01','2020-12-23 00:33:01');
/*!40000 ALTER TABLE `mensajes` ENABLE KEYS */;
UNLOCK TABLES;

--
-- Table structure for table `migrations`
--

DROP TABLE IF EXISTS `migrations`;
/*!40101 SET @saved_cs_client     = @@character_set_client */;
/*!40101 SET character_set_client = utf8 */;
CREATE TABLE `migrations` (
  `id` int(10) unsigned NOT NULL AUTO_INCREMENT,
  `migration` varchar(255) COLLATE utf8mb4_unicode_ci NOT NULL,
  `batch` int(11) NOT NULL,
  PRIMARY KEY (`id`) USING BTREE
) ENGINE=InnoDB AUTO_INCREMENT=172 DEFAULT CHARSET=utf8mb4 COLLATE=utf8mb4_unicode_ci ROW_FORMAT=DYNAMIC;
/*!40101 SET character_set_client = @saved_cs_client */;

--
-- Dumping data for table `migrations`
--

LOCK TABLES `migrations` WRITE;
/*!40000 ALTER TABLE `migrations` DISABLE KEYS */;
INSERT INTO `migrations` VALUES (157,'2014_10_12_000000_create_users_table',1),(158,'2014_10_12_100000_create_password_resets_table',1),(159,'2018_08_19_163130_create_permission_tables',1),(160,'2018_08_19_163231_create_mensajes_table',1),(161,'2018_09_25_183121_create_stores_table',1),(162,'2018_09_25_183122_create_articles_table',1),(163,'2018_09_25_183123_create_pics_table',1),(164,'2020_01_29_091459_create_subscribers_table',1),(165,'2020_06_01_122827_create_downloads_table',1),(166,'2020_06_15_017003_create_proyects_table',1),(167,'2020_07_03_091603_create_posts_table',1),(168,'2020_08_19_163419_create_banners_table',1),(169,'2020_08_31_180636_add_intro_new_to_product_table',2),(170,'2020_09_26_181613_remove_unique_slug_from_posts',3),(171,'2020_09_27_042353_add_iconpath_to_aplication_table',4);
/*!40000 ALTER TABLE `migrations` ENABLE KEYS */;
UNLOCK TABLES;

--
-- Table structure for table `model_has_permissions`
--

DROP TABLE IF EXISTS `model_has_permissions`;
/*!40101 SET @saved_cs_client     = @@character_set_client */;
/*!40101 SET character_set_client = utf8 */;
CREATE TABLE `model_has_permissions` (
  `permission_id` int(10) unsigned NOT NULL,
  `model_type` varchar(191) COLLATE utf8mb4_unicode_ci NOT NULL,
  `model_id` bigint(20) unsigned NOT NULL,
  PRIMARY KEY (`permission_id`,`model_id`,`model_type`) USING BTREE,
  KEY `model_has_permissions_model_id_model_type_index` (`model_id`,`model_type`) USING BTREE,
  CONSTRAINT `model_has_permissions_permission_id_foreign` FOREIGN KEY (`permission_id`) REFERENCES `permissions` (`id`) ON DELETE CASCADE
) ENGINE=InnoDB DEFAULT CHARSET=utf8mb4 COLLATE=utf8mb4_unicode_ci ROW_FORMAT=DYNAMIC;
/*!40101 SET character_set_client = @saved_cs_client */;

--
-- Dumping data for table `model_has_permissions`
--

LOCK TABLES `model_has_permissions` WRITE;
/*!40000 ALTER TABLE `model_has_permissions` DISABLE KEYS */;
/*!40000 ALTER TABLE `model_has_permissions` ENABLE KEYS */;
UNLOCK TABLES;

--
-- Table structure for table `model_has_roles`
--

DROP TABLE IF EXISTS `model_has_roles`;
/*!40101 SET @saved_cs_client     = @@character_set_client */;
/*!40101 SET character_set_client = utf8 */;
CREATE TABLE `model_has_roles` (
  `role_id` int(10) unsigned NOT NULL,
  `model_type` varchar(191) COLLATE utf8mb4_unicode_ci NOT NULL,
  `model_id` bigint(20) unsigned NOT NULL,
  PRIMARY KEY (`role_id`,`model_id`,`model_type`) USING BTREE,
  KEY `model_has_roles_model_id_model_type_index` (`model_id`,`model_type`) USING BTREE,
  CONSTRAINT `model_has_roles_role_id_foreign` FOREIGN KEY (`role_id`) REFERENCES `roles` (`id`) ON DELETE CASCADE
) ENGINE=InnoDB DEFAULT CHARSET=utf8mb4 COLLATE=utf8mb4_unicode_ci ROW_FORMAT=DYNAMIC;
/*!40101 SET character_set_client = @saved_cs_client */;

--
-- Dumping data for table `model_has_roles`
--

LOCK TABLES `model_has_roles` WRITE;
/*!40000 ALTER TABLE `model_has_roles` DISABLE KEYS */;
/*!40000 ALTER TABLE `model_has_roles` ENABLE KEYS */;
UNLOCK TABLES;

--
-- Table structure for table `password_resets`
--

DROP TABLE IF EXISTS `password_resets`;
/*!40101 SET @saved_cs_client     = @@character_set_client */;
/*!40101 SET character_set_client = utf8 */;
CREATE TABLE `password_resets` (
  `email` varchar(191) COLLATE utf8mb4_unicode_ci NOT NULL,
  `token` varchar(191) COLLATE utf8mb4_unicode_ci NOT NULL,
  `created_at` timestamp NULL DEFAULT NULL,
  KEY `password_resets_email_index` (`email`) USING BTREE
) ENGINE=InnoDB DEFAULT CHARSET=utf8mb4 COLLATE=utf8mb4_unicode_ci ROW_FORMAT=DYNAMIC;
/*!40101 SET character_set_client = @saved_cs_client */;

--
-- Dumping data for table `password_resets`
--

LOCK TABLES `password_resets` WRITE;
/*!40000 ALTER TABLE `password_resets` DISABLE KEYS */;
/*!40000 ALTER TABLE `password_resets` ENABLE KEYS */;
UNLOCK TABLES;

--
-- Table structure for table `permissions`
--

DROP TABLE IF EXISTS `permissions`;
/*!40101 SET @saved_cs_client     = @@character_set_client */;
/*!40101 SET character_set_client = utf8 */;
CREATE TABLE `permissions` (
  `id` int(10) unsigned NOT NULL AUTO_INCREMENT,
  `name` varchar(191) COLLATE utf8mb4_unicode_ci NOT NULL,
  `guard_name` varchar(191) COLLATE utf8mb4_unicode_ci NOT NULL,
  `created_at` timestamp NULL DEFAULT NULL,
  `updated_at` timestamp NULL DEFAULT NULL,
  PRIMARY KEY (`id`) USING BTREE
) ENGINE=InnoDB DEFAULT CHARSET=utf8mb4 COLLATE=utf8mb4_unicode_ci ROW_FORMAT=DYNAMIC;
/*!40101 SET character_set_client = @saved_cs_client */;

--
-- Dumping data for table `permissions`
--

LOCK TABLES `permissions` WRITE;
/*!40000 ALTER TABLE `permissions` DISABLE KEYS */;
/*!40000 ALTER TABLE `permissions` ENABLE KEYS */;
UNLOCK TABLES;

--
-- Table structure for table `pics`
--

DROP TABLE IF EXISTS `pics`;
/*!40101 SET @saved_cs_client     = @@character_set_client */;
/*!40101 SET character_set_client = utf8 */;
CREATE TABLE `pics` (
  `id` int(10) unsigned NOT NULL AUTO_INCREMENT,
  `article_id` int(10) unsigned NOT NULL,
  `path` varchar(191) COLLATE utf8mb4_unicode_ci NOT NULL,
  `created_at` timestamp NULL DEFAULT NULL,
  `updated_at` timestamp NULL DEFAULT NULL,
  PRIMARY KEY (`id`) USING BTREE,
  KEY `pics_article_id_foreign` (`article_id`) USING BTREE,
  CONSTRAINT `pics_article_id_foreign` FOREIGN KEY (`article_id`) REFERENCES `articles` (`id`) ON DELETE CASCADE
) ENGINE=InnoDB AUTO_INCREMENT=596 DEFAULT CHARSET=utf8mb4 COLLATE=utf8mb4_unicode_ci ROW_FORMAT=DYNAMIC;
/*!40101 SET character_set_client = @saved_cs_client */;

--
-- Dumping data for table `pics`
--

LOCK TABLES `pics` WRITE;
/*!40000 ALTER TABLE `pics` DISABLE KEYS */;
INSERT INTO `pics` VALUES (3,4,'article_pictures/wideg45H3V.jpg','2020-08-12 18:28:21','2020-08-12 18:28:21'),(4,4,'article_pictures/wideNmGm4W.jpg','2020-08-12 18:28:21','2020-08-12 18:28:21'),(5,4,'article_pictures/wideqhmuBL.jpg','2020-08-12 18:28:21','2020-08-12 18:28:21'),(6,22,'article_pictures/telescópicasQahucJ.jpg','2020-08-12 19:46:13','2020-08-12 19:46:13'),(7,22,'article_pictures/telescópicasWCjw8t.jpg','2020-08-12 19:46:13','2020-08-12 19:46:13'),(8,22,'article_pictures/telescópicasDwJlHd.jpg','2020-08-12 19:46:13','2020-08-12 19:46:13'),(9,22,'article_pictures/telescópicasbW8D43.jpg','2020-08-12 19:46:13','2020-08-12 19:46:13'),(10,22,'article_pictures/telescópicasJxBKT5.jpg','2020-08-12 19:46:13','2020-08-12 19:46:13'),(11,22,'article_pictures/telescópicas4xA47Y.jpg','2020-08-12 19:46:13','2020-08-12 19:46:13'),(12,23,'article_pictures/semicircularesiycUHg.jpg','2020-08-12 19:46:34','2020-08-12 19:46:34'),(13,23,'article_pictures/semicircularesuRm0VV.jpg','2020-08-12 19:46:34','2020-08-12 19:46:34'),(14,23,'article_pictures/semicirculares9JBCbR.jpg','2020-08-12 19:46:34','2020-08-12 19:46:34'),(15,23,'article_pictures/semicircularesu4mpDU.jpg','2020-08-12 19:46:34','2020-08-12 19:46:34'),(16,23,'article_pictures/semicircularesF63CF0.jpg','2020-08-12 19:46:34','2020-08-12 19:46:34'),(17,23,'article_pictures/semicircularesExhz5x.jpg','2020-08-12 19:46:34','2020-08-12 19:46:34'),(18,24,'article_pictures/sistemaantipánicocaqQoz.jpg','2020-08-12 19:46:59','2020-08-12 19:46:59'),(19,24,'article_pictures/sistemaantipánicob7waaw.jpg','2020-08-12 19:46:59','2020-08-12 19:46:59'),(20,24,'article_pictures/sistemaantipánicoLU1f5s.jpg','2020-08-12 19:46:59','2020-08-12 19:46:59'),(21,24,'article_pictures/sistemaantipánicoZj7ZkW.jpg','2020-08-12 19:46:59','2020-08-12 19:46:59'),(22,24,'article_pictures/sistemaantipánicopPTZmY.jpg','2020-08-12 19:46:59','2020-08-12 19:46:59'),(23,24,'article_pictures/sistemaantipánicoxM7RIO.jpg','2020-08-12 19:46:59','2020-08-12 19:46:59'),(24,24,'article_pictures/sistemaantipánicon6IDKR.jpg','2020-08-12 19:46:59','2020-08-12 19:46:59'),(25,24,'article_pictures/sistemaantipánicoRSkKGh.jpg','2020-08-12 19:46:59','2020-08-12 19:46:59'),(26,24,'article_pictures/sistemaantipánicod6M2Yk.jpg','2020-08-12 19:46:59','2020-08-12 19:46:59'),(27,24,'article_pictures/sistemaantipánicoDCNhUC.jpg','2020-08-12 19:46:59','2020-08-12 19:46:59'),(28,24,'article_pictures/sistemaantipánicobBQVsB.jpg','2020-08-12 19:46:59','2020-08-12 19:46:59'),(29,24,'article_pictures/sistemaantipánicoHgWXIV.jpg','2020-08-12 19:46:59','2020-08-12 19:46:59'),(30,24,'article_pictures/sistemaantipánicotJPbuM.jpg','2020-08-12 19:46:59','2020-08-12 19:46:59'),(31,24,'article_pictures/sistemaantipánico4Exbng.jpg','2020-08-12 19:46:59','2020-08-12 19:46:59'),(32,24,'article_pictures/sistemaantipánico8Gukgp.jpg','2020-08-12 19:46:59','2020-08-12 19:46:59'),(33,21,'article_pictures/corredizascentralylateraleUjwx2.jpg','2020-08-12 19:47:41','2020-08-12 19:47:41'),(34,21,'article_pictures/corredizascentralylateralsKQ4ib.jpg','2020-08-12 19:47:41','2020-08-12 19:47:41'),(35,21,'article_pictures/corredizascentralylateral5OydMH.jpg','2020-08-12 19:47:41','2020-08-12 19:47:41'),(36,21,'article_pictures/corredizascentralylateralZ2P9fn.jpg','2020-08-12 19:47:41','2020-08-12 19:47:41'),(37,21,'article_pictures/corredizascentralylateral5sgu2V.jpg','2020-08-12 19:47:41','2020-08-12 19:47:41'),(38,21,'article_pictures/corredizascentralylateralW0ctkP.jpg','2020-08-12 19:47:41','2020-08-12 19:47:41'),(41,21,'article_pictures/corredizascentralylateral0Yq7RE.jpg','2020-08-12 19:47:41','2020-08-12 19:47:41'),(43,28,'article_pictures/puertasparaquirófanocorredizasX2B4LO.jpg','2020-08-12 19:48:18','2020-08-12 19:48:18'),(44,28,'article_pictures/puertasparaquirófanocorredizasFwORav.jpg','2020-08-12 19:48:18','2020-08-12 19:48:18'),(45,28,'article_pictures/puertasparaquirófanocorredizasGyt0L6.jpg','2020-08-12 19:48:18','2020-08-12 19:48:18'),(46,28,'article_pictures/puertasparaquirófanocorredizasfPaR4e.jpg','2020-08-12 19:48:18','2020-08-12 19:48:18'),(47,28,'article_pictures/puertasparaquirófanocorredizasLaOQ8u.jpg','2020-08-12 19:48:18','2020-08-12 19:48:18'),(48,28,'article_pictures/puertasparaquirófanocorredizascdWTDh.jpg','2020-08-12 19:48:18','2020-08-12 19:48:18'),(49,28,'article_pictures/puertasparaquirófanocorredizasOrdN4L.jpg','2020-08-12 19:48:18','2020-08-12 19:48:18'),(50,28,'article_pictures/puertasparaquirófanocorredizas96QKeX.jpg','2020-08-12 19:48:18','2020-08-12 19:48:18'),(51,28,'article_pictures/puertasparaquirófanocorredizasggsWIa.jpg','2020-08-12 19:48:18','2020-08-12 19:48:18'),(52,29,'article_pictures/puertasparaquirófanobatientesbDuQT7.jpg','2020-08-12 19:48:35','2020-08-12 19:48:35'),(53,29,'article_pictures/puertasparaquirófanobatientesMtFQTa.jpg','2020-08-12 19:48:35','2020-08-12 19:48:35'),(54,29,'article_pictures/puertasparaquirófanobatientesB3w6tk.jpg','2020-08-12 19:48:35','2020-08-12 19:48:35'),(55,29,'article_pictures/puertasparaquirófanobatienteszZxDIk.jpg','2020-08-12 19:48:35','2020-08-12 19:48:35'),(56,29,'article_pictures/puertasparaquirófanobatientesGdRtD6.jpg','2020-08-12 19:48:35','2020-08-12 19:48:35'),(57,29,'article_pictures/puertasparaquirófanobatientes9bnuXi.jpg','2020-08-12 19:48:35','2020-08-12 19:48:35'),(58,30,'article_pictures/puertasparacuidadosintensivosZnZNjf.jpg','2020-08-12 19:49:01','2020-08-12 19:49:01'),(59,30,'article_pictures/puertasparacuidadosintensivosURsKwq.jpg','2020-08-12 19:49:01','2020-08-12 19:49:01'),(60,30,'article_pictures/puertasparacuidadosintensivos44wQWa.jpg','2020-08-12 19:49:01','2020-08-12 19:49:01'),(61,30,'article_pictures/puertasparacuidadosintensivosbfsEo2.jpg','2020-08-12 19:49:01','2020-08-12 19:49:01'),(62,31,'article_pictures/puertaspararayosx6ikpFl.jpg','2020-08-12 19:49:18','2020-08-12 19:49:18'),(63,31,'article_pictures/puertaspararayosxxmaKQ4.jpg','2020-08-12 19:49:18','2020-08-12 19:49:18'),(64,31,'article_pictures/puertaspararayosxf8pkxz.jpg','2020-08-12 19:49:18','2020-08-12 19:49:18'),(65,31,'article_pictures/puertaspararayosxDurToz.jpg','2020-08-12 19:49:18','2020-08-12 19:49:18'),(66,9,'article_pictures/spidoOHS3Vv.jpg','2020-08-12 21:39:41','2020-08-12 21:39:41'),(68,9,'article_pictures/spidoxon97h.jpg','2020-08-12 21:39:41','2020-08-12 21:39:41'),(69,9,'article_pictures/spidoFQs0KM.jpg','2020-08-12 21:39:41','2020-08-12 21:39:41'),(71,47,'article_pictures/rampahidráulicaHu5SoX.jpg','2020-08-12 21:41:28','2020-08-12 21:41:28'),(72,47,'article_pictures/rampahidráulicahz1DHm.jpg','2020-08-12 21:41:28','2020-08-12 21:41:28'),(73,47,'article_pictures/rampahidráulicaYiEZk0.jpg','2020-08-12 21:41:28','2020-08-12 21:41:28'),(74,47,'article_pictures/rampahidráulicaqmRvmM.jpg','2020-08-12 21:41:28','2020-08-12 21:41:28'),(75,47,'article_pictures/rampahidráulicasBPX2D.jpg','2020-08-12 21:41:28','2020-08-12 21:41:28'),(76,48,'article_pictures/rampadepatiogh-macguireSOFEIy.jpg','2020-08-12 21:42:05','2020-08-12 21:42:05'),(77,48,'article_pictures/rampadepatiogh-macguireU4xQNg.jpg','2020-08-12 21:42:05','2020-08-12 21:42:05'),(78,48,'article_pictures/rampadepatiogh-macguireGR1fIL.jpg','2020-08-12 21:42:05','2020-08-12 21:42:05'),(79,48,'article_pictures/rampadepatiogh-macguire3vIZGA.jpg','2020-08-12 21:42:05','2020-08-12 21:42:05'),(80,48,'article_pictures/rampadepatiogh-macguireu5pyRN.jpg','2020-08-12 21:42:05','2020-08-12 21:42:05'),(81,52,'article_pictures/rampademuelleaccionadoporaired4eFnk.jpg','2020-08-12 21:42:50','2020-08-12 21:42:50'),(82,52,'article_pictures/rampademuelleaccionadoporaireOmIjL2.jpg','2020-08-12 21:42:50','2020-08-12 21:42:50'),(83,52,'article_pictures/rampademuelleaccionadoporaireeHMaRQ.jpg','2020-08-12 21:42:50','2020-08-12 21:42:50'),(84,52,'article_pictures/rampademuelleaccionadoporaireC4qMuP.jpg','2020-08-12 21:42:50','2020-08-12 21:42:50'),(85,51,'article_pictures/rampahidráulicadelabiomuelle0sIQNu.jpg','2020-08-12 21:47:16','2020-08-12 21:47:16'),(86,51,'article_pictures/rampahidráulicadelabiomuelleQK92WG.jpg','2020-08-12 21:47:16','2020-08-12 21:47:16'),(87,51,'article_pictures/rampahidráulicadelabiomuellenIT9sE.jpg','2020-08-12 21:47:16','2020-08-12 21:47:16'),(88,51,'article_pictures/rampahidráulicadelabiomuellexLzhLP.jpg','2020-08-12 21:47:16','2020-08-12 21:47:16'),(89,53,'article_pictures/rampamecánicadelabiomedlfHwb5FP.jpg','2020-08-12 21:47:48','2020-08-12 21:47:48'),(90,53,'article_pictures/rampamecánicadelabiomedlfl7Il74.jpg','2020-08-12 21:47:48','2020-08-12 21:47:48'),(91,53,'article_pictures/rampamecánicadelabiomedlfWHHBJh.jpg','2020-08-12 21:47:48','2020-08-12 21:47:48'),(92,59,'article_pictures/ganchosparaandénparavehículotprWmUJ8l.jpg','2020-08-12 21:48:49','2020-08-12 21:48:49'),(93,54,'article_pictures/rampahidráulicadealmacenamientoverticalBiBEut.jpg','2020-08-12 21:49:43','2020-08-12 21:49:43'),(94,54,'article_pictures/rampahidráulicadealmacenamientoverticaloca502.jpg','2020-08-12 21:49:43','2020-08-12 21:49:43'),(95,54,'article_pictures/rampahidráulicadealmacenamientoverticalfFi56x.jpg','2020-08-12 21:49:43','2020-08-12 21:49:43'),(96,54,'article_pictures/rampahidráulicadealmacenamientoverticalDTxcul.jpg','2020-08-12 21:49:43','2020-08-12 21:49:43'),(98,61,'article_pictures/ganchosparaandénvehiculosmanualstop-titeQNCiyf.jpg','2020-08-12 21:52:08','2020-08-12 21:52:08'),(99,60,'article_pictures/ganchosparaandénvehiculosautomáticastop-titerXyAvz.jpg','2020-08-12 21:54:00','2020-08-12 21:54:00'),(100,62,'article_pictures/cabezalcortinafijocc3NBat6.jpg','2020-08-12 21:57:46','2020-08-12 21:57:46'),(101,63,'article_pictures/sellodeandénsólidofijoNWnWQh.jpg','2020-08-13 04:52:46','2020-08-13 04:52:46'),(102,64,'article_pictures/sellodeandéncabezalcombinadoocabezalsólido-cortinafijo0mhDaG.jpg','2020-08-13 04:56:53','2020-08-13 04:56:53'),(103,65,'article_pictures/sellodeandéncabezalcortinaajustablepull-cord3iUo7k.jpg','2020-08-13 04:57:08','2020-08-13 04:57:08'),(105,67,'article_pictures/sellodeandéncortinafijapiernassecciónlxsdwDG.jpg','2020-08-13 04:58:21','2020-08-13 04:58:21'),(106,68,'article_pictures/sellodeandéncabezalsólidopiernassecciónlc1Ea5V.jpg','2020-08-13 04:58:41','2020-08-13 04:58:41'),(107,69,'article_pictures/sellodeandéndeestructurarígidafija9InzXk.jpg','2020-08-13 04:59:05','2020-08-13 04:59:05'),(110,70,'article_pictures/shelterinflableajustableKF63gY.jpg','2020-08-13 04:59:38','2020-08-13 04:59:38'),(113,70,'article_pictures/shelterinflableajustableldAa6h.jpg','2020-08-13 04:59:38','2020-08-13 04:59:38'),(114,70,'article_pictures/shelterinflableajustablepKRhLr.jpg','2020-08-13 04:59:38','2020-08-13 04:59:38'),(115,70,'article_pictures/shelterinflableajustablePNiIS3.jpg','2020-08-13 04:59:38','2020-08-13 04:59:38'),(116,32,'article_pictures/puertasrápidasautorreparables100srR7qZfj.jpg','2020-08-13 05:08:18','2020-08-13 05:08:18'),(117,32,'article_pictures/puertasrápidasautorreparables100srcelIus.jpg','2020-08-13 05:08:18','2020-08-13 05:08:18'),(118,32,'article_pictures/puertasrápidasautorreparables100srfuoUMy.jpg','2020-08-13 05:08:18','2020-08-13 05:08:18'),(119,32,'article_pictures/puertasrápidasautorreparables100srICmbRb.jpg','2020-08-13 05:08:18','2020-08-13 05:08:18'),(120,33,'article_pictures/puertasrápidasreforzadasparainteriores10rixJdysZ.jpg','2020-08-13 05:08:46','2020-08-13 05:08:46'),(121,33,'article_pictures/puertasrápidasreforzadasparainteriores10riWOFnS6.jpg','2020-08-13 05:08:46','2020-08-13 05:08:46'),(122,33,'article_pictures/puertasrápidasreforzadasparainteriores10ritoQof1.jpg','2020-08-13 05:08:46','2020-08-13 05:08:46'),(123,33,'article_pictures/puertasrápidasreforzadasparainteriores10ritJTPrH.jpg','2020-08-13 05:08:46','2020-08-13 05:08:46'),(124,33,'article_pictures/puertasrápidasreforzadasparainteriores10ripzwf03.jpg','2020-08-13 05:08:46','2020-08-13 05:08:46'),(125,33,'article_pictures/puertasrápidasreforzadasparainteriores10riPvqZKb.jpg','2020-08-13 05:08:46','2020-08-13 05:08:46'),(126,33,'article_pictures/puertasrápidasreforzadasparainteriores10rieonL82.jpg','2020-08-13 05:08:46','2020-08-13 05:08:46'),(127,33,'article_pictures/puertasrápidasreforzadasparainteriores10rij6QAXF.jpg','2020-08-13 05:08:46','2020-08-13 05:08:46'),(128,34,'article_pictures/puertasrápidasreforzadasparaexteriores120reoDFMxA.jpg','2020-08-13 05:09:05','2020-08-13 05:09:05'),(129,34,'article_pictures/puertasrápidasreforzadasparaexteriores120req9Kdyy.jpg','2020-08-13 05:09:05','2020-08-13 05:09:05'),(130,34,'article_pictures/puertasrápidasreforzadasparaexteriores120remVWHjv.jpg','2020-08-13 05:09:05','2020-08-13 05:09:05'),(131,34,'article_pictures/puertasrápidasreforzadasparaexteriores120re92tIRn.jpg','2020-08-13 05:09:05','2020-08-13 05:09:05'),(132,34,'article_pictures/puertasrápidasreforzadasparaexteriores120red7Wg0F.jpg','2020-08-13 05:09:05','2020-08-13 05:09:05'),(133,34,'article_pictures/puertasrápidasreforzadasparaexteriores120re8qSNFD.jpg','2020-08-13 05:09:05','2020-08-13 05:09:05'),(134,34,'article_pictures/puertasrápidasreforzadasparaexteriores120rerYZwCR.jpg','2020-08-13 05:09:05','2020-08-13 05:09:05'),(135,34,'article_pictures/puertasrápidasreforzadasparaexteriores120reF4vFKk.jpg','2020-08-13 05:09:05','2020-08-13 05:09:05'),(136,34,'article_pictures/puertasrápidasreforzadasparaexteriores120reyqaWrK.jpg','2020-08-13 05:09:05','2020-08-13 05:09:05'),(137,34,'article_pictures/puertasrápidasreforzadasparaexteriores120rec8dGgA.jpg','2020-08-13 05:09:05','2020-08-13 05:09:05'),(138,36,'article_pictures/puertasrápidasautoreparablereforzadaexterior140rat3m5SV.jpg','2020-08-13 05:09:58','2020-08-13 05:09:58'),(139,36,'article_pictures/puertasrápidasautoreparablereforzadaexterior140raVIf59a.jpg','2020-08-13 05:09:58','2020-08-13 05:09:58'),(140,36,'article_pictures/puertasrápidasautoreparablereforzadaexterior140raWObk3o.jpg','2020-08-13 05:09:58','2020-08-13 05:09:58'),(141,36,'article_pictures/puertasrápidasautoreparablereforzadaexterior140raGUdeo3.jpg','2020-08-13 05:09:58','2020-08-13 05:09:58'),(142,36,'article_pictures/puertasrápidasautoreparablereforzadaexterior140raDwA2E2.jpg','2020-08-13 05:09:58','2020-08-13 05:09:58'),(143,36,'article_pictures/puertasrápidasautoreparablereforzadaexterior140ramnnf9X.jpg','2020-08-13 05:09:58','2020-08-13 05:09:58'),(144,36,'article_pictures/puertasrápidasautoreparablereforzadaexterior140raBJ5tVm.jpg','2020-08-13 05:09:58','2020-08-13 05:09:58'),(145,36,'article_pictures/puertasrápidasautoreparablereforzadaexterior140ra7nNO9Y.jpg','2020-08-13 05:09:58','2020-08-13 05:09:58'),(146,36,'article_pictures/puertasrápidasautoreparablereforzadaexterior140raAeN9O2.jpg','2020-08-13 05:09:58','2020-08-13 05:09:58'),(147,37,'article_pictures/puertasrápidasautorreparableatex105exkB7IYR.jpg','2020-08-13 05:11:15','2020-08-13 05:11:15'),(148,37,'article_pictures/puertasrápidasautorreparableatex105exTwFtTI.jpg','2020-08-13 05:11:15','2020-08-13 05:11:15'),(149,37,'article_pictures/puertasrápidasautorreparableatex105exMX1S5M.jpg','2020-08-13 05:11:15','2020-08-13 05:11:15'),(150,37,'article_pictures/puertasrápidasautorreparableatex105ex2KJF5B.jpg','2020-08-13 05:11:15','2020-08-13 05:11:15'),(151,37,'article_pictures/puertasrápidasautorreparableatex105exspLKqQ.jpg','2020-08-13 05:11:15','2020-08-13 05:11:15'),(152,37,'article_pictures/puertasrápidasautorreparableatex105exKz9TPz.jpg','2020-08-13 05:11:15','2020-08-13 05:11:15'),(153,37,'article_pictures/puertasrápidasautorreparableatex105exaukWlT.jpg','2020-08-13 05:11:15','2020-08-13 05:11:15'),(154,38,'article_pictures/puertasrápidasautorreparableparalaboratorios114rlC18C7p.jpg','2020-08-13 05:11:42','2020-08-13 05:11:42'),(155,38,'article_pictures/puertasrápidasautorreparableparalaboratorios114rlhEjLrz.jpg','2020-08-13 05:11:42','2020-08-13 05:11:42'),(156,38,'article_pictures/puertasrápidasautorreparableparalaboratorios114rlJHceYh.jpg','2020-08-13 05:11:42','2020-08-13 05:11:42'),(157,38,'article_pictures/puertasrápidasautorreparableparalaboratorios114rl8jtaua.jpg','2020-08-13 05:11:42','2020-08-13 05:11:42'),(158,38,'article_pictures/puertasrápidasautorreparableparalaboratorios114rlE1o2Xk.jpg','2020-08-13 05:11:42','2020-08-13 05:11:42'),(159,38,'article_pictures/puertasrápidasautorreparableparalaboratorios114rljBHnme.jpg','2020-08-13 05:11:42','2020-08-13 05:11:42'),(160,38,'article_pictures/puertasrápidasautorreparableparalaboratorios114rllQYpl6.jpg','2020-08-13 05:11:42','2020-08-13 05:11:42'),(161,39,'article_pictures/puertasrápidasautorreparablefrigorífica104WgAvrD.jpg','2020-08-13 05:12:03','2020-08-13 05:12:03'),(162,39,'article_pictures/puertasrápidasautorreparablefrigorífica104lUpnZC.jpg','2020-08-13 05:12:03','2020-08-13 05:12:03'),(163,39,'article_pictures/puertasrápidasautorreparablefrigorífica1044oI9nv.jpg','2020-08-13 05:12:03','2020-08-13 05:12:03'),(164,39,'article_pictures/puertasrápidasautorreparablefrigorífica104QifLBD.jpg','2020-08-13 05:12:03','2020-08-13 05:12:03'),(165,39,'article_pictures/puertasrápidasautorreparablefrigorífica104AM9Kow.jpg','2020-08-13 05:12:03','2020-08-13 05:12:03'),(166,41,'article_pictures/puertasrápidasdoblefrigodeconservación200bp1c7iED.jpg','2020-08-13 05:18:55','2020-08-13 05:18:55'),(167,41,'article_pictures/puertasrápidasdoblefrigodeconservación200bpZq3FGk.jpg','2020-08-13 05:18:55','2020-08-13 05:18:55'),(168,41,'article_pictures/puertasrápidasdoblefrigodeconservación200bp3UPNjP.jpg','2020-08-13 05:18:55','2020-08-13 05:18:55'),(169,41,'article_pictures/puertasrápidasdoblefrigodeconservación200bpS8YUjE.jpg','2020-08-13 05:18:55','2020-08-13 05:18:55'),(170,41,'article_pictures/puertasrápidasdoblefrigodeconservación200bpy6tJnU.jpg','2020-08-13 05:18:55','2020-08-13 05:18:55'),(171,41,'article_pictures/puertasrápidasdoblefrigodeconservación200bpd63jHw.jpg','2020-08-13 05:18:55','2020-08-13 05:18:55'),(172,42,'article_pictures/puertasrápidasbiportexterior210beC3Lvum.jpg','2020-08-13 05:19:53','2020-08-13 05:19:53'),(173,43,'article_pictures/puertasrápidasbiportcontrafuegosei90230bc3foDwu.jpg','2020-08-13 05:20:11','2020-08-13 05:20:11'),(174,44,'article_pictures/puertascorrederasdeconservación800fceb9vBG.jpg','2020-08-13 05:20:28','2020-08-13 05:20:28'),(175,44,'article_pictures/puertascorrederasdeconservación800fcNyjyyL.jpg','2020-08-13 05:20:28','2020-08-13 05:20:28'),(176,44,'article_pictures/puertascorrederasdeconservación800fcs1ZkWS.jpg','2020-08-13 05:20:28','2020-08-13 05:20:28'),(177,44,'article_pictures/puertascorrederasdeconservación800fcbyx7sC.jpg','2020-08-13 05:20:28','2020-08-13 05:20:28'),(178,44,'article_pictures/puertascorrederasdeconservación800fcb1IIK6.jpg','2020-08-13 05:20:28','2020-08-13 05:20:28'),(179,45,'article_pictures/puertascorrederasdecongelación800cnc2B13h.jpg','2020-08-13 05:20:46','2020-08-13 05:20:46'),(180,45,'article_pictures/puertascorrederasdecongelación800cnkVZOqP.jpg','2020-08-13 05:20:46','2020-08-13 05:20:46'),(181,45,'article_pictures/puertascorrederasdecongelación800cn3ojtHD.jpg','2020-08-13 05:20:46','2020-08-13 05:20:46'),(182,45,'article_pictures/puertascorrederasdecongelación800cnUDlyFz.jpg','2020-08-13 05:20:46','2020-08-13 05:20:46'),(183,45,'article_pictures/puertascorrederasdecongelación800cn3M1MKA.jpg','2020-08-13 05:20:46','2020-08-13 05:20:46'),(184,45,'article_pictures/puertascorrederasdecongelación800cnQdTdpe.jpg','2020-08-13 05:20:46','2020-08-13 05:20:46'),(185,45,'article_pictures/puertascorrederasdecongelación800cn8Ig0aK.jpg','2020-08-13 05:20:46','2020-08-13 05:20:46'),(186,45,'article_pictures/puertascorrederasdecongelación800cnlecNBe.jpg','2020-08-13 05:20:46','2020-08-13 05:20:46'),(187,45,'article_pictures/puertascorrederasdecongelación800cnNFfsaH.jpg','2020-08-13 05:20:46','2020-08-13 05:20:46'),(188,46,'article_pictures/puertaspivotantesparafrío810fpY1eOPn.jpg','2020-08-13 05:21:02','2020-08-13 05:21:02'),(189,46,'article_pictures/puertaspivotantesparafrío810fpiOuL69.jpg','2020-08-13 05:21:02','2020-08-13 05:21:02'),(190,46,'article_pictures/puertaspivotantesparafrío810fpOVnGq7.jpg','2020-08-13 05:21:02','2020-08-13 05:21:02'),(191,46,'article_pictures/puertaspivotantesparafrío810fp3QLpv9.jpg','2020-08-13 05:21:02','2020-08-13 05:21:02'),(192,46,'article_pictures/puertaspivotantesparafrío810fp0EHoWn.jpg','2020-08-13 05:21:02','2020-08-13 05:21:02'),(193,46,'article_pictures/puertaspivotantesparafrío810fpZ0MPkK.jpg','2020-08-13 05:21:02','2020-08-13 05:21:02'),(194,46,'article_pictures/puertaspivotantesparafrío810fpcIMtZQ.jpg','2020-08-13 05:21:02','2020-08-13 05:21:02'),(195,46,'article_pictures/puertaspivotantesparafrío810fpSq0m4P.jpg','2020-08-13 05:21:02','2020-08-13 05:21:02'),(196,46,'article_pictures/puertaspivotantesparafrío810fp6G6NbI.jpg','2020-08-13 05:21:02','2020-08-13 05:21:02'),(199,6,'article_pictures/mbarvKqRmk.jpg','2020-08-13 05:22:27','2020-08-13 05:22:27'),(200,6,'article_pictures/mbar1oSIVA.jpg','2020-08-13 05:22:27','2020-08-13 05:22:27'),(201,74,'article_pictures/emergenciaWZwjTb.jpg','2020-08-13 06:22:10','2020-08-13 06:22:10'),(202,74,'article_pictures/emergenciaRLV18Q.jpg','2020-08-13 06:22:10','2020-08-13 06:22:10'),(203,74,'article_pictures/emergenciaEXendb.jpg','2020-08-13 06:22:10','2020-08-13 06:22:10'),(204,74,'article_pictures/emergenciavJHmc4.jpg','2020-08-13 06:22:10','2020-08-13 06:22:10'),(205,74,'article_pictures/emergenciabM2HYv.jpg','2020-08-13 06:22:10','2020-08-13 06:22:10'),(206,75,'article_pictures/oficinarYGugs.jpg','2020-08-13 06:23:13','2020-08-13 06:23:13'),(207,75,'article_pictures/oficinafmEyPH.jpg','2020-08-13 06:23:13','2020-08-13 06:23:13'),(208,75,'article_pictures/oficinahHxNpZ.jpg','2020-08-13 06:23:13','2020-08-13 06:23:13'),(217,78,'article_pictures/oficina(madera)a33xb6.jpg','2020-08-13 06:24:46','2020-08-13 06:24:46'),(218,78,'article_pictures/oficina(madera)EUdzMB.jpg','2020-08-13 06:24:46','2020-08-13 06:24:46'),(219,78,'article_pictures/oficina(madera)HnUx0B.jpg','2020-08-13 06:24:46','2020-08-13 06:24:46'),(220,80,'article_pictures/bodegaF3rWpI.jpg','2020-08-13 06:25:09','2020-08-13 06:25:09'),(221,80,'article_pictures/bodegaW2I1lT.jpg','2020-08-13 06:25:09','2020-08-13 06:25:09'),(222,80,'article_pictures/bodegaNyWudq.jpg','2020-08-13 06:25:09','2020-08-13 06:25:09'),(223,80,'article_pictures/bodegapwP7k2.jpg','2020-08-13 06:25:09','2020-08-13 06:25:09'),(224,80,'article_pictures/bodegaWYAH88.jpg','2020-08-13 06:25:09','2020-08-13 06:25:09'),(225,81,'article_pictures/accesoahabitacionesqsYZ9C.jpg','2020-08-13 06:27:04','2020-08-13 06:27:04'),(226,81,'article_pictures/accesoahabitacionesliLxlC.jpg','2020-08-13 06:27:04','2020-08-13 06:27:04'),(227,81,'article_pictures/accesoahabitacionesn7uiAm.jpg','2020-08-13 06:27:04','2020-08-13 06:27:04'),(239,35,'article_pictures/puertasrápidasreforzadasdedoblelona150dlUAqr6M.jpg','2020-08-19 14:37:51','2020-08-19 14:37:51'),(240,35,'article_pictures/puertasrápidasreforzadasdedoblelona150dlOeXUbL.jpg','2020-08-19 14:37:51','2020-08-19 14:37:51'),(241,35,'article_pictures/puertasrápidasreforzadasdedoblelona150dlAdWPqc.jpg','2020-08-19 14:37:51','2020-08-19 14:37:51'),(242,35,'article_pictures/puertasrápidasreforzadasdedoblelona150dl4BxyYO.jpg','2020-08-19 14:37:51','2020-08-19 14:37:51'),(243,35,'article_pictures/puertasrápidasreforzadasdedoblelona150dlH0CM9n.jpg','2020-08-19 14:37:51','2020-08-19 14:37:51'),(244,35,'article_pictures/puertasrápidasreforzadasdedoblelona150dlBSG4U5.jpg','2020-08-19 14:37:51','2020-08-19 14:37:51'),(245,35,'article_pictures/puertasrápidasreforzadasdedoblelona150dlIAj9jL.jpg','2020-08-19 14:37:51','2020-08-19 14:37:51'),(246,35,'article_pictures/puertasrápidasreforzadasdedoblelona150dlPm7EBN.jpg','2020-08-19 14:37:51','2020-08-19 14:37:51'),(247,35,'article_pictures/puertasrápidasreforzadasdedoblelona150dlaqyUEQ.jpg','2020-08-19 14:37:51','2020-08-19 14:37:51'),(248,35,'article_pictures/puertasrápidasreforzadasdedoblelona150dl2ZGnt6.jpg','2020-08-19 14:37:51','2020-08-19 14:37:51'),(249,35,'article_pictures/puertasrápidasreforzadasdedoblelona150dl0NkcI6.jpg','2020-08-19 14:37:51','2020-08-19 14:37:51'),(250,35,'article_pictures/puertasrápidasreforzadasdedoblelona150dldCvTVH.jpg','2020-08-19 14:37:51','2020-08-19 14:37:51'),(251,35,'article_pictures/puertasrápidasreforzadasdedoblelona150dly7KX1r.jpg','2020-08-19 14:37:51','2020-08-19 14:37:51'),(252,35,'article_pictures/puertasrápidasreforzadasdedoblelona150dl4p4dU8.jpg','2020-08-19 14:37:51','2020-08-19 14:37:51'),(253,35,'article_pictures/puertasrápidasreforzadasdedoblelona150dllWoZxa.jpg','2020-08-19 14:37:51','2020-08-19 14:37:51'),(254,35,'article_pictures/puertasrápidasreforzadasdedoblelona150dlq4y0ke.jpg','2020-08-19 14:37:51','2020-08-19 14:37:51'),(255,35,'article_pictures/puertasrápidasreforzadasdedoblelona150dlmRtxCh.jpg','2020-08-19 14:37:51','2020-08-19 14:37:51'),(256,35,'article_pictures/puertasrápidasreforzadasdedoblelona150dl4gz2d3.jpg','2020-08-19 14:37:51','2020-08-19 14:37:51'),(260,99,'article_pictures/skylineB1OYsd.jpg','2020-08-19 15:12:50','2020-08-19 15:12:50'),(261,99,'article_pictures/skyline7xORPy.jpg','2020-08-19 15:12:50','2020-08-19 15:12:50'),(262,99,'article_pictures/skyline7tIMew.jpg','2020-08-19 15:12:50','2020-08-19 15:12:50'),(263,99,'article_pictures/skylineZAr614.jpg','2020-08-19 15:12:50','2020-08-19 15:12:50'),(264,99,'article_pictures/skylineYrfoU6.jpg','2020-08-19 15:12:50','2020-08-19 15:12:50'),(265,99,'article_pictures/skylineVYBVdh.jpg','2020-08-19 15:12:50','2020-08-19 15:12:50'),(266,99,'article_pictures/skyline6wajV7.jpg','2020-08-19 15:12:50','2020-08-19 15:12:50'),(267,100,'article_pictures/sterlingmpGZwD.jpg','2020-08-19 15:15:18','2020-08-19 15:15:18'),(268,100,'article_pictures/sterlingK2q5cW.jpg','2020-08-19 15:15:18','2020-08-19 15:15:18'),(269,101,'article_pictures/accentsWoyXHb.jpg','2020-08-19 15:22:00','2020-08-19 15:22:00'),(270,101,'article_pictures/accentsL8D1lh.jpg','2020-08-19 15:22:00','2020-08-19 15:22:00'),(271,101,'article_pictures/accentsqgMxcN.jpg','2020-08-19 15:22:00','2020-08-19 15:22:00'),(272,101,'article_pictures/accents4ak1Fe.jpg','2020-08-19 15:22:00','2020-08-19 15:22:00'),(273,101,'article_pictures/accentsGJEIVn.jpg','2020-08-19 15:22:00','2020-08-19 15:22:00'),(274,101,'article_pictures/accentsF3QDn1.jpg','2020-08-19 15:22:00','2020-08-19 15:22:00'),(275,101,'article_pictures/accentsYfsWvD.jpg','2020-08-19 15:22:00','2020-08-19 15:22:00'),(276,101,'article_pictures/accentsCcAdZt.jpg','2020-08-19 15:22:00','2020-08-19 15:22:00'),(277,102,'article_pictures/overlaycarriagehouse5GQhdI.jpg','2020-08-19 15:24:41','2020-08-19 15:24:41'),(278,102,'article_pictures/overlaycarriagehouseTrM05T.jpg','2020-08-19 15:24:41','2020-08-19 15:24:41'),(279,102,'article_pictures/overlaycarriagehouseDiUaxN.jpg','2020-08-19 15:24:41','2020-08-19 15:24:41'),(280,102,'article_pictures/overlaycarriagehouseMDp4eD.jpg','2020-08-19 15:24:41','2020-08-19 15:24:41'),(281,102,'article_pictures/overlaycarriagehouseGOmYmF.jpg','2020-08-19 15:24:41','2020-08-19 15:24:41'),(282,102,'article_pictures/overlaycarriagehouseItN8qT.jpg','2020-08-19 15:24:41','2020-08-19 15:24:41'),(284,102,'article_pictures/overlaycarriagehouseIKMFVe.jpg','2020-08-19 15:24:41','2020-08-19 15:24:41'),(285,102,'article_pictures/overlaycarriagehouseuV2Xkz.jpg','2020-08-19 15:24:41','2020-08-19 15:24:41'),(286,102,'article_pictures/overlaycarriagehousetdBCKu.jpg','2020-08-19 15:24:41','2020-08-19 15:24:41'),(287,102,'article_pictures/overlaycarriagehouserZxdUJ.jpg','2020-08-19 15:24:41','2020-08-19 15:24:41'),(288,102,'article_pictures/overlaycarriagehouse9hVQIt.jpg','2020-08-19 15:24:41','2020-08-19 15:24:41'),(289,102,'article_pictures/overlaycarriagehousehNHbkI.jpg','2020-08-19 15:24:41','2020-08-19 15:24:41'),(290,102,'article_pictures/overlaycarriagehouseqpfr7R.jpg','2020-08-19 15:24:41','2020-08-19 15:24:41'),(291,102,'article_pictures/overlaycarriagehouseebyQrQ.jpg','2020-08-19 15:24:41','2020-08-19 15:24:41'),(292,102,'article_pictures/overlaycarriagehouseePiL5p.jpg','2020-08-19 15:24:41','2020-08-19 15:24:41'),(293,102,'article_pictures/overlaycarriagehouseG1qpIl.jpg','2020-08-19 15:24:41','2020-08-19 15:24:41'),(294,102,'article_pictures/overlaycarriagehouseafnnQO.jpg','2020-08-19 15:24:41','2020-08-19 15:24:41'),(295,102,'article_pictures/overlaycarriagehouse996Zse.jpg','2020-08-19 15:24:41','2020-08-19 15:24:41'),(298,103,'article_pictures/fullview1LQAe9.jpg','2020-08-19 15:33:53','2020-08-19 15:33:53'),(300,103,'article_pictures/fullviewlcqYSN.jpg','2020-08-19 15:33:53','2020-08-19 15:33:53'),(301,103,'article_pictures/fullview5b1FBm.jpg','2020-08-19 15:33:53','2020-08-19 15:33:53'),(302,103,'article_pictures/fullview5UY1Ez.jpg','2020-08-19 15:33:53','2020-08-19 15:33:53'),(303,103,'article_pictures/fullviewQGHczN.jpg','2020-08-19 15:33:53','2020-08-19 15:33:53'),(309,7,'article_pictures/run1800-2500iDDTTc.jpg','2020-08-20 15:02:23','2020-08-20 15:02:23'),(313,5,'article_pictures/widelZveSyh.jpg','2020-09-02 11:45:25','2020-09-02 11:45:25'),(314,5,'article_pictures/widelarZD34.jpg','2020-09-02 11:45:25','2020-09-02 11:45:25'),(315,5,'article_pictures/widelTfUz64.jpg','2020-09-02 11:45:25','2020-09-02 11:45:25'),(322,122,'article_pictures/mbarsDtqwF.jpg','2020-09-02 11:52:20','2020-09-02 11:52:20'),(323,122,'article_pictures/mbarCxYYBo.jpg','2020-09-02 11:52:20','2020-09-02 11:52:20'),(327,82,'article_pictures/hiresa6000B3AKZP.jpg','2020-09-03 12:00:34','2020-09-03 12:00:34'),(328,82,'article_pictures/hiresa6000Om2FY8.jpg','2020-09-03 12:03:04','2020-09-03 12:03:04'),(329,82,'article_pictures/hiresa6000JilHbI.jpg','2020-09-03 12:03:04','2020-09-03 12:03:04'),(330,82,'article_pictures/hiresa6000fGEJ4F.jpg','2020-09-03 12:03:04','2020-09-03 12:03:04'),(331,82,'article_pictures/hiresa6000QW9TKn.jpg','2020-09-03 12:03:04','2020-09-03 12:03:04'),(332,82,'article_pictures/hiresa6000LnN9aW.jpg','2020-09-03 12:03:04','2020-09-03 12:03:04'),(335,26,'article_pictures/contrafuegoI5vJ5k.jpg','2020-09-03 12:16:38','2020-09-03 12:16:38'),(336,26,'article_pictures/contrafuegofrFxjb.jpg','2020-09-03 12:16:38','2020-09-03 12:16:38'),(337,25,'article_pictures/contra-explosión3h8YQC.jpg','2020-09-03 12:17:15','2020-09-03 12:17:15'),(338,25,'article_pictures/contra-explosiónQXjz4B.jpg','2020-09-03 12:17:34','2020-09-03 12:17:34'),(339,25,'article_pictures/contra-explosiónNSXOAE.jpg','2020-09-03 12:17:34','2020-09-03 12:17:34'),(340,25,'article_pictures/contra-explosiónlQPhWk.jpg','2020-09-03 12:17:34','2020-09-03 12:17:34'),(342,27,'article_pictures/brtI03Lje.jpg','2020-09-03 12:20:46','2020-09-03 12:20:46'),(343,27,'article_pictures/brtv2XvRT.jpg','2020-09-03 12:20:46','2020-09-03 12:20:46'),(344,27,'article_pictures/brtaP3mNa.jpg','2020-09-03 12:20:46','2020-09-03 12:20:46'),(345,27,'article_pictures/brtGF61dN.jpg','2020-09-03 12:20:46','2020-09-03 12:20:46'),(346,27,'article_pictures/brtoBXTSY.jpg','2020-09-03 12:20:46','2020-09-03 12:20:46'),(347,27,'article_pictures/brtYETLVe.jpg','2020-09-03 12:20:46','2020-09-03 12:20:46'),(348,27,'article_pictures/brtgLJrBX.jpg','2020-09-03 12:20:46','2020-09-03 12:20:46'),(349,27,'article_pictures/brtABHCcN.jpg','2020-09-03 12:20:46','2020-09-03 12:20:46'),(350,123,'article_pictures/puertagiratoriaestándarmanualAsBLEa.jpg','2020-09-03 12:24:11','2020-09-03 12:24:11'),(351,123,'article_pictures/puertagiratoriaestándarmanualfK92aR.jpg','2020-09-03 12:24:11','2020-09-03 12:24:11'),(352,123,'article_pictures/puertagiratoriaestándarmanualbPRNqY.jpg','2020-09-03 12:24:11','2020-09-03 12:24:11'),(353,123,'article_pictures/puertagiratoriaestándarmanual9rhfkm.jpg','2020-09-03 12:24:11','2020-09-03 12:24:11'),(354,124,'article_pictures/puertasgiratoriasestándarautomática1BHY3C.jpg','2020-09-03 12:26:59','2020-09-03 12:26:59'),(355,124,'article_pictures/puertasgiratoriasestándarautomáticaRAzzhj.jpg','2020-09-03 12:26:59','2020-09-03 12:26:59'),(356,124,'article_pictures/puertasgiratoriasestándarautomáticaWUYAKc.jpg','2020-09-03 12:26:59','2020-09-03 12:26:59'),(357,124,'article_pictures/puertasgiratoriasestándarautomáticalfp8xi.jpg','2020-09-03 12:26:59','2020-09-03 12:26:59'),(358,124,'article_pictures/puertasgiratoriasestándarautomáticaLpl8BF.jpg','2020-09-03 12:26:59','2020-09-03 12:26:59'),(359,124,'article_pictures/puertasgiratoriasestándarautomáticaoADfuR.jpg','2020-09-03 12:26:59','2020-09-03 12:26:59'),(360,124,'article_pictures/puertasgiratoriasestándarautomática4iqhaV.jpg','2020-09-03 12:26:59','2020-09-03 12:26:59'),(361,124,'article_pictures/puertasgiratoriasestándarautomática8cFF7a.jpg','2020-09-03 12:26:59','2020-09-03 12:26:59'),(362,124,'article_pictures/puertasgiratoriasestándarautomáticaYCsbNJ.jpg','2020-09-03 12:26:59','2020-09-03 12:26:59'),(363,124,'article_pictures/puertasgiratoriasestándarautomáticaCb7HQe.jpg','2020-09-03 12:26:59','2020-09-03 12:26:59'),(364,124,'article_pictures/puertasgiratoriasestándarautomáticae1OOq5.jpg','2020-09-03 12:26:59','2020-09-03 12:26:59'),(365,125,'article_pictures/puertagiratoriagrandiámetroAwusXr.jpg','2020-09-03 12:28:31','2020-09-03 12:28:31'),(366,125,'article_pictures/puertagiratoriagrandiámetro1tV24X.jpg','2020-09-03 12:28:31','2020-09-03 12:28:31'),(367,125,'article_pictures/puertagiratoriagrandiámetrouDgbir.jpg','2020-09-03 12:28:31','2020-09-03 12:28:31'),(368,125,'article_pictures/puertagiratoriagrandiámetrooRDpR1.jpg','2020-09-03 12:28:31','2020-09-03 12:28:31'),(369,125,'article_pictures/puertagiratoriagrandiámetroSeiQXx.jpg','2020-09-03 12:28:31','2020-09-03 12:28:31'),(370,125,'article_pictures/puertagiratoriagrandiámetroBqw4PX.jpg','2020-09-03 12:28:31','2020-09-03 12:28:31'),(371,126,'article_pictures/puertagiratoriatransparentemanuallMwisW.jpg','2020-09-03 12:29:51','2020-09-03 12:29:51'),(372,126,'article_pictures/puertagiratoriatransparentemanualhrVJNR.jpg','2020-09-03 12:29:51','2020-09-03 12:29:51'),(373,126,'article_pictures/puertagiratoriatransparentemanualySWQhU.jpg','2020-09-03 12:29:51','2020-09-03 12:29:51'),(374,127,'article_pictures/puertagiratoriatransparenteautomáticancQy3s.jpg','2020-09-03 12:32:08','2020-09-03 12:32:08'),(375,127,'article_pictures/puertagiratoriatransparenteautomáticaCogCfp.jpg','2020-09-03 12:32:08','2020-09-03 12:32:08'),(376,127,'article_pictures/puertagiratoriatransparenteautomáticagQSqjZ.jpg','2020-09-03 12:32:08','2020-09-03 12:32:08'),(377,128,'article_pictures/puertagiratoriaautomáticamulti-combo6lhGFS.jpg','2020-09-03 12:36:04','2020-09-03 12:36:04'),(378,128,'article_pictures/puertagiratoriaautomáticamulti-comboked8xF.jpg','2020-09-03 12:36:04','2020-09-03 12:36:04'),(379,128,'article_pictures/puertagiratoriaautomáticamulti-combo3TKLpT.jpg','2020-09-03 12:36:04','2020-09-03 12:36:04'),(380,128,'article_pictures/puertagiratoriaautomáticamulti-combobmNeBU.jpg','2020-09-03 12:36:04','2020-09-03 12:36:04'),(381,128,'article_pictures/puertagiratoriaautomáticamulti-comboxLzqSc.jpg','2020-09-03 12:36:04','2020-09-03 12:36:04'),(382,104,'article_pictures/tubulares5XLkIB.jpg','2020-09-03 12:47:57','2020-09-03 12:47:57'),(383,104,'article_pictures/tubulares3cxHbu.jpg','2020-09-03 12:47:57','2020-09-03 12:47:57'),(384,104,'article_pictures/tubularesJuRcHn.jpg','2020-09-03 12:47:57','2020-09-03 12:47:57'),(385,104,'article_pictures/tubularesJ4Ih47.jpg','2020-09-03 12:47:57','2020-09-03 12:47:57'),(386,104,'article_pictures/tubularesfD6cNh.jpg','2020-09-03 12:47:57','2020-09-03 12:47:57'),(390,87,'article_pictures/cortinasanti-huracanhiresaNYyTzD.jpg','2020-09-03 14:02:51','2020-09-03 14:02:51'),(391,87,'article_pictures/cortinasanti-huracanhiresa7uoSqx.jpg','2020-09-03 14:02:51','2020-09-03 14:02:51'),(392,87,'article_pictures/cortinasanti-huracanhiresaC7QW5F.jpg','2020-09-03 14:02:51','2020-09-03 14:02:51'),(393,87,'article_pictures/cortinasanti-huracanhiresaq2W4el.jpg','2020-09-03 14:02:51','2020-09-03 14:02:51'),(394,129,'article_pictures/cortinasanti-huracánhiresamMSp0h.jpg','2020-09-03 14:13:20','2020-09-03 14:13:20'),(395,129,'article_pictures/cortinasanti-huracánhiresaOUAF1B.jpg','2020-09-03 14:13:20','2020-09-03 14:13:20'),(396,129,'article_pictures/cortinasanti-huracánhiresakfAiui.jpg','2020-09-03 14:13:20','2020-09-03 14:13:20'),(397,129,'article_pictures/cortinasanti-huracánhiresaySPvys.jpg','2020-09-03 14:13:20','2020-09-03 14:13:20'),(413,8,'article_pictures/tub3500OLi3pn.jpg','2020-09-03 14:35:48','2020-09-03 14:35:48'),(414,111,'article_pictures/road400PBRoUm.jpg','2020-09-03 14:37:43','2020-09-03 14:37:43'),(415,111,'article_pictures/road400K1jiEe.jpg','2020-09-03 14:37:43','2020-09-03 14:37:43'),(416,111,'article_pictures/road400FQWiFL.jpg','2020-09-03 14:37:43','2020-09-03 14:37:43'),(417,112,'article_pictures/robus600gAIeWK.jpg','2020-09-03 14:39:02','2020-09-03 14:39:02'),(418,112,'article_pictures/robus600FN0YGH.jpg','2020-09-03 14:39:02','2020-09-03 14:39:02'),(419,112,'article_pictures/robus6007Ioceg.jpg','2020-09-03 14:39:02','2020-09-03 14:39:02'),(420,112,'article_pictures/robus600aVf1xd.jpg','2020-09-03 14:39:02','2020-09-03 14:39:02'),(421,112,'article_pictures/robus60067FoSo.jpg','2020-09-03 14:39:02','2020-09-03 14:39:02'),(422,112,'article_pictures/robus600gLI3xz.jpg','2020-09-03 14:39:02','2020-09-03 14:39:02'),(423,112,'article_pictures/robus600Yh0mms.jpg','2020-09-03 14:39:02','2020-09-03 14:39:02'),(425,113,'article_pictures/light500ryZI17w.jpg','2020-09-03 14:43:26','2020-09-03 14:43:26'),(427,105,'article_pictures/walky1024Atj26S.jpg','2020-09-03 14:52:09','2020-09-03 14:52:09'),(428,105,'article_pictures/walky1024kJqwik.jpg','2020-09-03 14:52:09','2020-09-03 14:52:09'),(429,105,'article_pictures/walky1024tj3Sx6.jpg','2020-09-03 14:52:09','2020-09-03 14:52:09'),(430,105,'article_pictures/walky1024H7H2eL.jpg','2020-09-03 14:52:09','2020-09-03 14:52:09'),(431,105,'article_pictures/walky1024VzP14o.jpg','2020-09-03 14:52:09','2020-09-03 14:52:09'),(433,106,'article_pictures/wingo2024T0n0iN.jpg','2020-09-03 14:56:01','2020-09-03 14:56:01'),(434,106,'article_pictures/wingo2024RxHtrt.jpg','2020-09-03 14:56:01','2020-09-03 14:56:01'),(435,107,'article_pictures/too3000SiEunH.jpg','2020-09-03 14:57:12','2020-09-03 14:57:12'),(436,107,'article_pictures/too3000lMRxEA.jpg','2020-09-03 14:57:12','2020-09-03 14:57:12'),(437,107,'article_pictures/too3000uSac4K.jpg','2020-09-03 14:57:12','2020-09-03 14:57:12'),(438,107,'article_pictures/too3000wIfd2U.jpg','2020-09-03 14:57:12','2020-09-03 14:57:12'),(439,107,'article_pictures/too30003swEQ4.jpg','2020-09-03 14:57:12','2020-09-03 14:57:12'),(440,107,'article_pictures/too3000lPbgnj.jpg','2020-09-03 14:57:12','2020-09-03 14:57:12'),(441,107,'article_pictures/too3000yf73RM.jpg','2020-09-03 14:57:12','2020-09-03 14:57:12'),(442,107,'article_pictures/too3000mKD8Rd.jpg','2020-09-03 14:57:12','2020-09-03 14:57:12'),(443,107,'article_pictures/too3000atnA5Q.jpg','2020-09-03 14:57:12','2020-09-03 14:57:12'),(444,107,'article_pictures/too3000ETSsmN.jpg','2020-09-03 14:57:12','2020-09-03 14:57:12'),(445,107,'article_pictures/too3000cd1Jpt.jpg','2020-09-03 14:57:12','2020-09-03 14:57:12'),(446,108,'article_pictures/toona4024OmssIC.jpg','2020-09-03 14:58:00','2020-09-03 14:58:00'),(447,108,'article_pictures/toona4024UPKK0D.jpg','2020-09-03 14:58:00','2020-09-03 14:58:00'),(448,108,'article_pictures/toona4024BgnzBG.jpg','2020-09-03 14:58:00','2020-09-03 14:58:00'),(449,109,'article_pictures/toona7024MBbiS0.jpg','2020-09-03 14:58:42','2020-09-03 14:58:42'),(450,109,'article_pictures/toona7024J0EXYb.jpg','2020-09-03 14:58:42','2020-09-03 14:58:42'),(451,109,'article_pictures/toona7024ufDIWL.jpg','2020-09-03 14:58:42','2020-09-03 14:58:42'),(452,109,'article_pictures/toona7024uJw8BK.jpg','2020-09-03 14:58:42','2020-09-03 14:58:42'),(453,110,'article_pictures/hyppo7000QQkF2m.jpg','2020-09-03 14:59:21','2020-09-03 14:59:21'),(454,131,'article_pictures/ghmotorhidráulico25027lfJq.jpg','2020-09-03 15:04:11','2020-09-03 15:04:11'),(455,131,'article_pictures/ghmotorhidráulico250C4OaEm.jpg','2020-09-03 15:04:11','2020-09-03 15:04:11'),(456,131,'article_pictures/ghmotorhidráulico250EhiUSE.jpg','2020-09-03 15:04:11','2020-09-03 15:04:11'),(457,132,'article_pictures/ghmotorhidráulico380pJDrUi.jpg','2020-09-03 15:05:19','2020-09-03 15:05:19'),(458,132,'article_pictures/ghmotorhidráulico3809j7bpu.jpg','2020-09-03 15:05:19','2020-09-03 15:05:19'),(459,132,'article_pictures/ghmotorhidráulico380YXWnHY.jpg','2020-09-03 15:05:19','2020-09-03 15:05:19'),(460,133,'article_pictures/goldenhscESSS5u.jpg','2020-09-03 15:08:12','2020-09-03 15:08:12'),(468,134,'article_pictures/eralj4W3J1.png','2020-09-04 00:27:27','2020-09-04 00:27:27'),(469,135,'article_pictures/eralhuSsYrJ.png','2020-09-04 00:30:23','2020-09-04 00:30:23'),(470,136,'article_pictures/eramH6WZ0I.png','2020-09-04 00:34:27','2020-09-04 00:34:27'),(471,137,'article_pictures/eraxlhV5O5IA.png','2020-09-04 00:42:24','2020-09-04 00:42:24'),(472,138,'article_pictures/gh-645Mtn6c7.jpg','2020-09-04 00:53:24','2020-09-04 00:53:24'),(473,138,'article_pictures/gh-645cU2Bbt.jpg','2020-09-04 00:53:24','2020-09-04 00:53:24'),(474,138,'article_pictures/gh-645D7QUJi.jpg','2020-09-04 00:53:24','2020-09-04 00:53:24'),(484,49,'article_pictures/rampahidráulicadeandengh-mcguireseriehpaJCcUY.jpg','2020-09-04 03:09:44','2020-09-04 03:09:44'),(485,49,'article_pictures/rampahidráulicadeandengh-mcguireseriehpDSuWsd.jpg','2020-09-04 03:09:44','2020-09-04 03:09:44'),(486,49,'article_pictures/rampahidráulicadeandengh-mcguireseriehpmJxWCk.jpg','2020-09-04 03:09:44','2020-09-04 03:09:44'),(487,49,'article_pictures/rampahidráulicadeandengh-mcguireseriehpH6IRJi.jpg','2020-09-04 03:09:44','2020-09-04 03:09:44'),(488,49,'article_pictures/rampahidráulicadeandengh-mcguireseriehpIOI2nL.jpg','2020-09-04 03:09:44','2020-09-04 03:09:44'),(489,50,'article_pictures/rampamecánicaghmcguireseriempZGX0UD.jpg','2020-09-04 03:11:17','2020-09-04 03:11:17'),(490,50,'article_pictures/rampamecánicaghmcguireseriempxMUgt7.jpg','2020-09-04 03:11:26','2020-09-04 03:11:26'),(491,50,'article_pictures/rampamecánicaghmcguireseriempH13Nb3.jpg','2020-09-04 03:11:26','2020-09-04 03:11:26'),(492,50,'article_pictures/rampamecánicaghmcguireseriempkf9gu5.jpg','2020-09-04 03:11:26','2020-09-04 03:11:26'),(493,50,'article_pictures/rampamecánicaghmcguireseriempi291Ts.jpg','2020-09-04 03:11:26','2020-09-04 03:11:26'),(494,55,'article_pictures/rampahidráulicaparamuelledeferrocarrilxeMeTR.jpg','2020-09-04 03:26:01','2020-09-04 03:26:01'),(495,56,'article_pictures/ganchosparaandénderetencióndecamiones53ywnW.jpg','2020-09-04 03:27:58','2020-09-04 03:27:58'),(496,56,'article_pictures/ganchosparaandénderetencióndecamionesMxQfhV.png','2020-09-04 03:28:09','2020-09-04 03:28:09'),(497,57,'article_pictures/ganchosparaandénparavehículotprunlockautomáticoVMoLU8.png','2020-09-04 03:29:39','2020-09-04 03:29:39'),(501,76,'article_pictures/bañospúblicoseROWCT.png','2020-09-04 03:53:45','2020-09-04 03:53:45'),(502,77,'article_pictures/bodegas8hRBG.jpg','2020-09-04 03:54:31','2020-09-04 03:54:31'),(503,79,'article_pictures/bañosprivadosgE3AgA.jpg','2020-09-04 03:58:02','2020-09-04 03:58:02'),(504,79,'article_pictures/bañosprivadosyKlmdw.jpg','2020-09-04 03:58:02','2020-09-04 03:58:02'),(505,79,'article_pictures/bañosprivadosD6K6iC.jpg','2020-09-04 03:58:02','2020-09-04 03:58:02'),(506,88,'article_pictures/expressgatee2YCw7.jpg','2020-09-04 04:13:07','2020-09-04 04:13:07'),(507,88,'article_pictures/expressgateQo1fzo.jpg','2020-09-04 04:13:18','2020-09-04 04:13:18'),(508,88,'article_pictures/expressgateGjHZQ7.jpg','2020-09-04 04:13:18','2020-09-04 04:13:18'),(509,88,'article_pictures/expressgateImVdeD.jpg','2020-09-04 04:13:18','2020-09-04 04:13:18'),(510,88,'article_pictures/expressgate9pcooC.jpg','2020-09-04 04:13:18','2020-09-04 04:13:18'),(511,88,'article_pictures/expressgate3d8Uu8.jpg','2020-09-04 04:13:18','2020-09-04 04:13:18'),(512,88,'article_pictures/expressgateuNTXV6.jpg','2020-09-04 04:13:18','2020-09-04 04:13:18'),(513,89,'article_pictures/slimgatemc0TGd.jpg','2020-09-04 04:14:24','2020-09-04 04:14:24'),(514,89,'article_pictures/slimgatePbWTny.jpg','2020-09-04 04:14:33','2020-09-04 04:14:33'),(515,89,'article_pictures/slimgate5D9tAZ.jpg','2020-09-04 04:14:33','2020-09-04 04:14:33'),(516,89,'article_pictures/slimgatey8BsGx.jpg','2020-09-04 04:14:33','2020-09-04 04:14:33'),(517,89,'article_pictures/slimgateEL1YTA.jpg','2020-09-04 04:14:33','2020-09-04 04:14:33'),(518,89,'article_pictures/slimgateauWSOo.jpg','2020-09-04 04:14:33','2020-09-04 04:14:33'),(519,91,'article_pictures/swinggateGN9eFx.jpg','2020-09-04 04:16:33','2020-09-04 04:16:33'),(520,91,'article_pictures/swinggate7FCa3s.jpg','2020-09-04 04:16:39','2020-09-04 04:16:39'),(521,90,'article_pictures/pasillosanti-retornotoránjs1Ksm.jpg','2020-09-04 04:17:08','2020-09-04 04:17:08'),(522,90,'article_pictures/pasillosanti-retornotoránYNk3Hm.jpg','2020-09-04 04:17:08','2020-09-04 04:17:08'),(523,90,'article_pictures/pasillosanti-retornotoránbCs5xU.jpg','2020-09-04 04:17:08','2020-09-04 04:17:08'),(524,90,'article_pictures/pasillosanti-retornotorán63U64n.jpg','2020-09-04 04:17:08','2020-09-04 04:17:08'),(525,92,'article_pictures/lwp6s3Q286.png','2020-09-04 04:23:37','2020-09-04 04:23:37'),(526,93,'article_pictures/hcp-10rXtvKJ.png','2020-09-04 04:24:37','2020-09-04 04:24:37'),(527,94,'article_pictures/fx-9000oAJEGC.png','2020-09-04 04:25:13','2020-09-04 04:25:13'),(528,95,'article_pictures/lwp3rKWkyj.png','2020-09-04 04:25:50','2020-09-04 04:25:50'),(529,96,'article_pictures/hcg-10FISPjv.png','2020-09-04 04:27:00','2020-09-04 04:27:00'),(530,144,'article_pictures/hiresa7302JEOxLG.png','2020-09-08 01:45:19','2020-09-08 01:45:19'),(532,143,'article_pictures/hiresa7301qpWpG8.jpg','2020-09-09 06:47:15','2020-09-09 06:47:15'),(533,86,'article_pictures/hiresacontrafuego7500btbNLz.jpg','2020-09-09 06:51:08','2020-09-09 06:51:08'),(537,146,'article_pictures/cortinadeparrillalV25HX.png','2020-09-16 01:52:37','2020-09-16 01:52:37'),(538,150,'article_pictures/actuadortáctilms08SzyPH7.png','2020-09-16 02:19:57','2020-09-16 02:19:57'),(539,151,'article_pictures/actuadordemicroondassintoqueip65ms09yX5SIv.png','2020-09-16 02:21:38','2020-09-16 02:21:38'),(540,152,'article_pictures/actuadortáctilms112MNwVA.png','2020-09-16 02:23:06','2020-09-16 02:23:06'),(541,153,'article_pictures/actuadortouchlessdecortoalcancems21h7HopDs.png','2020-09-16 02:25:18','2020-09-16 02:25:18'),(544,139,'article_pictures/controleraseriep3fVPKr.jpg','2020-09-16 03:10:12','2020-09-16 03:10:12'),(545,139,'article_pictures/controleraseriepoLhdFF.jpg','2020-09-16 03:10:12','2020-09-16 03:10:12'),(548,145,'article_pictures/hiresa7366FsJka7.png','2020-09-30 02:38:57','2020-09-30 02:38:57'),(559,98,'article_pictures/stampedcarriagehousejAMQY1.png','2020-12-30 22:08:32','2020-12-30 22:08:32'),(560,10,'article_pictures/sumoojsi0o.jpg','2020-12-30 22:10:24','2020-12-30 22:10:24'),(561,10,'article_pictures/sumovAKz2I.jpg','2020-12-30 22:10:45','2020-12-30 22:10:45'),(563,4,'article_pictures/widem3rYfqN.jpg','2020-12-30 22:17:25','2020-12-30 22:17:25'),(564,5,'article_pictures/widelsma2Bc.jpg','2020-12-30 22:17:48','2020-12-30 22:17:48'),(565,6,'article_pictures/m5bar0ml4rd.jpg','2020-12-30 22:18:20','2020-12-30 22:18:20'),(566,97,'article_pictures/raisedpanelyqTzay.png','2020-12-30 22:31:47','2020-12-30 22:31:47'),(567,140,'article_pictures/sensorvolo/volos/sth6FY8G.png','2020-12-30 22:38:59','2020-12-30 22:38:59'),(568,105,'article_pictures/walky1024xD5XDL.jpg','2020-12-30 22:39:36','2020-12-30 22:39:36'),(569,110,'article_pictures/hyppo7000kuk1AQ.png','2020-12-30 22:44:35','2020-12-30 22:44:35'),(570,166,'article_pictures/run1200i-hsrXdnss.jpg','2020-12-30 23:41:07','2020-12-30 23:41:07'),(571,167,'article_pictures/run2500i-hsE1SjQN.jpg','2020-12-30 23:41:48','2020-12-30 23:41:48'),(572,168,'article_pictures/toona5424hsF5LYXT.png','2020-12-30 23:43:55','2020-12-30 23:43:55'),(573,169,'article_pictures/m-fab3024hs106bSR.jpg','2020-12-30 23:46:40','2020-12-30 23:46:40'),(574,170,'article_pictures/wingo3524hsv7Ry93.jpg','2020-12-30 23:47:31','2020-12-30 23:47:31'),(575,171,'article_pictures/robus500hswlPr0C.jpg','2020-12-30 23:48:04','2020-12-30 23:48:04'),(576,172,'article_pictures/antenatagpassivo–lectoruhfFhZ8Fl.png','2020-12-30 23:48:49','2020-12-30 23:48:49'),(577,120,'article_pictures/etiquetataguhfHc3Eo0.png','2020-12-30 23:52:05','2020-12-30 23:52:05'),(578,175,'article_pictures/giratoriaautomáticagrandiámetroAtX26e.jpg','2020-12-31 00:32:21','2020-12-31 00:32:21'),(579,175,'article_pictures/giratoriaautomáticagrandiámetroBj2onA.jpg','2020-12-31 00:32:21','2020-12-31 00:32:21'),(580,175,'article_pictures/giratoriaautomáticagrandiámetroUdd0U6.jpg','2020-12-31 00:32:21','2020-12-31 00:32:21'),(581,175,'article_pictures/giratoriaautomáticagrandiámetrolTiSFF.jpg','2020-12-31 00:32:21','2020-12-31 00:32:21'),(582,175,'article_pictures/giratoriaautomáticagrandiámetro7ckwn9.jpg','2020-12-31 00:32:21','2020-12-31 00:32:21'),(583,175,'article_pictures/giratoriaautomáticagrandiámetroZ3gjA4.jpg','2020-12-31 00:32:21','2020-12-31 00:32:21'),(584,147,'article_pictures/ghpro-lhasskJpT.png','2020-12-31 02:46:00','2020-12-31 02:46:00'),(585,149,'article_pictures/ghpro-hmediocaballoqHRdxw.png','2020-12-31 02:47:19','2020-12-31 02:47:19'),(586,178,'article_pictures/ghpro-huncaballoG6J4vD.png','2020-12-31 02:49:08','2020-12-31 02:49:08'),(587,179,'article_pictures/rondouL04oT.jpg','2020-12-31 02:55:12','2020-12-31 02:55:12'),(588,179,'article_pictures/rondoOlVewI.jpg','2020-12-31 02:55:12','2020-12-31 02:55:12'),(589,179,'article_pictures/rondoRk3oAj.jpg','2020-12-31 02:55:12','2020-12-31 02:55:12'),(590,180,'article_pictures/girooibtum.jpg','2020-12-31 02:56:48','2020-12-31 02:56:48'),(591,180,'article_pictures/giroYwywgZ.jpg','2020-12-31 02:56:48','2020-12-31 02:56:48'),(592,180,'article_pictures/giroqhvCF6.jpg','2020-12-31 02:57:08','2020-12-31 02:57:08'),(593,182,'article_pictures/ghpro-lhaLPBWqL.png','2020-12-31 02:58:46','2020-12-31 02:58:46'),(594,183,'article_pictures/ghpro-hmediocaballoGN0dm8.png','2020-12-31 02:59:37','2020-12-31 02:59:37'),(595,184,'article_pictures/ghpro-huncaballoq623b4.png','2020-12-31 03:00:29','2020-12-31 03:00:29');
/*!40000 ALTER TABLE `pics` ENABLE KEYS */;
UNLOCK TABLES;

--
-- Table structure for table `post_tag`
--

DROP TABLE IF EXISTS `post_tag`;
/*!40101 SET @saved_cs_client     = @@character_set_client */;
/*!40101 SET character_set_client = utf8 */;
CREATE TABLE `post_tag` (
  `post_id` int(10) unsigned DEFAULT NULL,
  `tag_id` int(10) unsigned DEFAULT NULL,
  `created_at` timestamp NULL DEFAULT NULL,
  `updated_at` timestamp NULL DEFAULT NULL,
  KEY `post_tag_post_id_foreign` (`post_id`) USING BTREE,
  KEY `post_tag_tag_id_foreign` (`tag_id`) USING BTREE,
  CONSTRAINT `post_tag_post_id_foreign` FOREIGN KEY (`post_id`) REFERENCES `posts` (`id`) ON DELETE CASCADE,
  CONSTRAINT `post_tag_tag_id_foreign` FOREIGN KEY (`tag_id`) REFERENCES `tags` (`id`) ON DELETE CASCADE
) ENGINE=InnoDB DEFAULT CHARSET=utf8mb4 COLLATE=utf8mb4_unicode_ci ROW_FORMAT=DYNAMIC;
/*!40101 SET character_set_client = @saved_cs_client */;

--
-- Dumping data for table `post_tag`
--

LOCK TABLES `post_tag` WRITE;
/*!40000 ALTER TABLE `post_tag` DISABLE KEYS */;
/*!40000 ALTER TABLE `post_tag` ENABLE KEYS */;
UNLOCK TABLES;

--
-- Table structure for table `posts`
--

DROP TABLE IF EXISTS `posts`;
/*!40101 SET @saved_cs_client     = @@character_set_client */;
/*!40101 SET character_set_client = utf8 */;
CREATE TABLE `posts` (
  `id` int(10) unsigned NOT NULL AUTO_INCREMENT,
  `title` varchar(191) COLLATE utf8mb4_unicode_ci NOT NULL,
  `slug` varchar(191) COLLATE utf8mb4_unicode_ci NOT NULL,
  `img_path` varchar(191) COLLATE utf8mb4_unicode_ci DEFAULT NULL,
  `body` longtext COLLATE utf8mb4_unicode_ci NOT NULL,
  `family_id` int(10) unsigned DEFAULT NULL,
  `is_draft` tinyint(1) NOT NULL,
  `created_at` timestamp NULL DEFAULT NULL,
  `updated_at` timestamp NULL DEFAULT NULL,
  PRIMARY KEY (`id`) USING BTREE,
  KEY `posts_family_id_foreign` (`family_id`) USING BTREE,
  CONSTRAINT `posts_family_id_foreign` FOREIGN KEY (`family_id`) REFERENCES `families` (`id`) ON DELETE CASCADE
) ENGINE=InnoDB AUTO_INCREMENT=62 DEFAULT CHARSET=utf8mb4 COLLATE=utf8mb4_unicode_ci ROW_FORMAT=DYNAMIC;
/*!40101 SET character_set_client = @saved_cs_client */;

--
-- Dumping data for table `posts`
--

LOCK TABLES `posts` WRITE;
/*!40000 ALTER TABLE `posts` DISABLE KEYS */;
INSERT INTO `posts` VALUES (61,'Puertas Automáticas de Veracruz','puertas-automáticas-de-veracruz','post_pictures/post61.jpg','<p>Con <strong>m&aacute;s de 30 a&ntilde;os de experiencia</strong>, Puertas Autom&aacute;ticas de Veracruz ha logrado posicionarse como una <strong>empresa l&iacute;der a nivel nacional en el &aacute;rea de la automatizaci&oacute;n de puertas industriales, comerciales y residenciales</strong>, contando con una infraestructura que nos permite atender las necesidades del mercado nacional con calidad y de manera eficiente.</p>\r\n\r\n<p>Contamos con un <strong>excelente equipo humano capacitado y comprometido</strong> en la labor que cada uno desarrolla, respaldados con la constante innovaci&oacute;n tecnol&oacute;gica y desarrollo de nuevos productos para dar una respuesta oportuna, r&aacute;pida y competitiva con precios a nuestros clientes. Por ello, <strong>invertimos recursos significativos en la selecci&oacute;n, reclutamiento, capacitaci&oacute;n y retenci&oacute;n de nuestro personal, e instituimos evaluaciones de desempe&ntilde;o para asegurar la alineaci&oacute;n del desempe&ntilde;o con nuestra estrategia. </strong></p>\r\n\r\n<p>Tambi&eacute;n contamos con una <strong>f&aacute;brica de puertas y centro de distribuci&oacute;n</strong> de m&aacute;s 4,000 metros cuadrados y oficinas alrededor de la Rep&uacute;blica como: Veracruz, Puebla, Monterrey, Chihuahua, Tabasco y Yucat&aacute;n. Somos una empresa mexicana innovadora del concepto de puertas autom&aacute;ticas, cuyo objetivo principal es la venta, instalaci&oacute;n y servicio de puertas autom&aacute;ticas de cristal templado, frigor&iacute;ficas, de quir&oacute;fano, rampas de and&eacute;n, cortinas enrollables y todos sus accesorios.</p>\r\n\r\n<p><strong>Muchos a&ntilde;os de trabajo nos respaldan y nos posicionan como una de las mejores empresas dentro de este rubro</strong>.</p>',2,0,'2020-08-25 06:10:25','2020-08-25 15:40:31');
/*!40000 ALTER TABLE `posts` ENABLE KEYS */;
UNLOCK TABLES;

--
-- Table structure for table `proyects`
--

DROP TABLE IF EXISTS `proyects`;
/*!40101 SET @saved_cs_client     = @@character_set_client */;
/*!40101 SET character_set_client = utf8 */;
CREATE TABLE `proyects` (
  `id` int(10) unsigned NOT NULL AUTO_INCREMENT,
  `name` varchar(191) COLLATE utf8mb4_unicode_ci NOT NULL,
  `slug` varchar(191) COLLATE utf8mb4_unicode_ci NOT NULL,
  `description` text COLLATE utf8mb4_unicode_ci,
  `aplication_id` int(10) unsigned DEFAULT NULL,
  `img_path` varchar(191) COLLATE utf8mb4_unicode_ci DEFAULT NULL,
  `banner_path` varchar(191) COLLATE utf8mb4_unicode_ci DEFAULT NULL,
  `pdf_path` varchar(191) COLLATE utf8mb4_unicode_ci DEFAULT NULL,
  `date` varchar(191) COLLATE utf8mb4_unicode_ci DEFAULT NULL,
  `created_at` timestamp NULL DEFAULT NULL,
  `updated_at` timestamp NULL DEFAULT NULL,
  PRIMARY KEY (`id`) USING BTREE,
  UNIQUE KEY `proyects_name_unique` (`name`) USING BTREE,
  KEY `proyects_aplication_id_foreign` (`aplication_id`) USING BTREE,
  CONSTRAINT `proyects_aplication_id_foreign` FOREIGN KEY (`aplication_id`) REFERENCES `aplications` (`id`) ON DELETE CASCADE
) ENGINE=InnoDB AUTO_INCREMENT=49 DEFAULT CHARSET=utf8mb4 COLLATE=utf8mb4_unicode_ci ROW_FORMAT=DYNAMIC;
/*!40101 SET character_set_client = @saved_cs_client */;

--
-- Dumping data for table `proyects`
--

LOCK TABLES `proyects` WRITE;
/*!40000 ALTER TABLE `proyects` DISABLE KEYS */;
INSERT INTO `proyects` VALUES (1,'Aeropuerto internacional de Cancún','aeropuerto-internacional-de-cancún','La asesoría en materiales y equipos es una de las\r\ngrandes fortalezas de nuestra empresa, siempre\r\nde la mano de los arquitectos e ingenieros o\r\nresponsables de los proyectos, aseguramos la\r\noptimización de los recursos en cada proyecto,\r\npor eso Puertas Automáticas de Veracruz es el\r\nperfecto aliando para que cada proyecto sea\r\ntodo un éxito',7,NULL,NULL,'img/brand/Aeropuerto internacional de Cancún-proyect.jpg','Enero 2013','2020-08-24 19:14:04','2020-08-24 19:15:42'),(3,'Aeropuerto internacional de Monterrey','aeropuerto-internacional-de-monterrey','La asesoría en materiales y equipos es una de las\r\ngrandes fortalezas de nuestra empresa, siempre\r\nde la mano de los arquitectos e ingenieros o\r\nresponsables de los proyectos, aseguramos la\r\noptimización de los recursos en cada proyecto,\r\npor eso Puertas Automáticas de Veracruz es el\r\nperfecto aliando para que cada proyecto sea\r\ntodo un éxito.',7,NULL,NULL,'img/brand/Aeropuerto internacional de Monterrey-proyect.jpg','Febrero 2014','2020-08-24 19:17:38','2020-08-24 19:17:51'),(4,'Aeropuerto internacional de Veracruz','aeropuerto-internacional-de-veracruz','La asesoría en materiales y equipos es una de las\r\ngrandes fortalezas de nuestra empresa, siempre\r\nde la mano de los arquitectos e ingenieros o\r\nresponsables de los proyectos, aseguramos la\r\noptimización de los recursos en cada proyecto,\r\npor eso Puertas Automáticas de Veracruz es el\r\nperfecto aliando para que cada proyecto sea\r\ntodo un éxito.',7,NULL,NULL,'img/brand/Aeropuerto internacional de Veracruz-proyect.jpg','Marzo 2015','2020-08-24 19:21:45','2020-08-24 19:22:02'),(5,'Aeropuerto internacional de Villahermosa','aeropuerto-internacional-de-villahermosa','La asesoría en materiales y equipos es una de las\r\ngrandes fortalezas de nuestra empresa, siempre\r\nde la mano de los arquitectos e ingenieros o\r\nresponsables de los proyectos, aseguramos la\r\noptimización de los recursos en cada proyecto,\r\npor eso Puertas Automáticas de Veracruz es el\r\nperfecto aliando para que cada proyecto sea\r\ntodo un éxito.',7,NULL,NULL,'img/brand/Aeropuerto internacional de Villahermosa-proyect.jpg','Abril 2015','2020-08-24 19:23:26','2020-08-24 19:23:39'),(6,'CEDiS Walmart','cedis-walmart','Puertas Automáticas de Veracruz es gran un\r\naliado ya que la capacitación, asesoría y servicio\r\nespecializado son una de nuestras prioridades\r\npara hacer exitoso cada proyecto la con la mayor\r\nrentabilidad en el mercado.',5,NULL,NULL,'img/brand/CEDiS Walmart-proyect.jpg','Julio 2017','2020-08-24 19:58:09','2020-08-24 19:58:23'),(7,'Tienda Liverpool Playa del Carmen','tienda-liverpool-playa-del-carmen','Puertas Automáticas de Veracruz es gran un\r\naliado ya que la capacitación, asesoría y servicio\r\nespecializado son una de nuestras prioridades\r\npara hacer exitoso cada proyecto la con la mayor\r\nrentabilidad en el mercado.',5,NULL,NULL,'img/brand/Tienda Liverpool Playa del Carmen-proyect.jpg','Agosto 2018','2020-08-24 19:59:26','2020-08-24 19:59:38'),(8,'Tiendas Chedraui','tiendas-chedraui','Puertas Automáticas de Veracruz es gran un\r\naliado ya que la capacitación, asesoría y servicio\r\nespecializado son una de nuestras prioridades\r\npara hacer exitoso cada proyecto la con la mayor\r\nrentabilidad en el mercado.',5,NULL,NULL,'img/brand/Tiendas Chedraui-proyect.jpg','Junio 2019','2020-08-24 20:23:06','2020-08-24 20:23:18'),(9,'Tiendas HEB','tiendas-heb','Puertas Automáticas de Veracruz es gran un\r\naliado ya que la capacitación, asesoría y servicio\r\nespecializado son una de nuestras prioridades\r\npara hacer exitoso cada proyecto la con la mayor\r\nrentabilidad en el mercado.',5,NULL,NULL,'img/brand/Tiendas HEB-proyect.jpg','Junio 2019','2020-08-24 21:20:09','2020-08-24 21:20:27'),(10,'Tiendas Mi Bodega','tiendas-mi-bodega','Puertas Automáticas de Veracruz es gran un\r\naliado ya que la capacitación, asesoría y servicio\r\nespecializado son una de nuestras prioridades\r\npara hacer exitoso cada proyecto la con la mayor\r\nrentabilidad en el mercado.',5,NULL,NULL,'img/brand/Tiendas Mi Bodega-proyect.jpg','Febrero 2014','2020-08-24 21:21:05','2020-08-24 21:21:21'),(11,'Tiendas Soriana','tiendas-soriana','Puertas Automáticas de Veracruz es gran un\r\naliado ya que la capacitación, asesoría y servicio\r\nespecializado son una de nuestras prioridades\r\npara hacer exitoso cada proyecto la con la mayor\r\nrentabilidad en el mercado.',5,NULL,NULL,'img/brand/Tiendas Soriana-proyect.jpg','Marzo 2015','2020-08-24 21:22:00','2020-08-24 21:22:18'),(12,'Tiendas Walmart','tiendas-walmart','Puertas Automáticas de Veracruz es gran un\r\naliado ya que la capacitación, asesoría y servicio\r\nespecializado son una de nuestras prioridades\r\npara hacer exitoso cada proyecto la con la mayor\r\nrentabilidad en el mercado.',5,NULL,NULL,'img/brand/Tiendas Walmart-proyect.jpg','Febrero 2014','2020-08-24 21:22:46','2020-08-24 21:23:00'),(13,'ABC Centro Médico','abc-centro-médico','Puertas Automáticas de Veracruz es hoy la mejor\r\nopción para nuevos proyectos o remodelación de\r\nHospitales o clínicas que requieren el mejor y mas\r\nrentable equipo para garantizar el trafico y la\r\noperación más segura para su proyecto.',3,NULL,NULL,'img/brand/ABC Centro Médico-proyect.jpg','Mayo 2020','2020-08-25 14:42:51','2020-08-25 14:43:03'),(14,'Beneficencia Española de Torreón','beneficencia-española-de-torreón','Puertas Automáticas de Veracruz es hoy la mejor\r\nopción para nuevos proyectos o remodelación de\r\nHospitales o clínicas que requieren el mejor y mas\r\nrentable equipo para garantizar el trafico y la\r\noperación más segura para su proyecto.',3,NULL,NULL,'img/brand/Beneficencia Española de Torreón-proyect.jpg','Junio 2019','2020-08-25 14:43:34','2020-08-25 14:43:52'),(15,'Beneficencia Española de Veracruz','beneficencia-española-de-veracruz','Puertas Automáticas de Veracruz es hoy la mejor\r\nopción para nuevos proyectos o remodelación de\r\nHospitales o clínicas que requieren el mejor y mas\r\nrentable equipo para garantizar el trafico y la\r\noperación más segura para su proyecto.',3,NULL,NULL,'img/brand/Beneficencia Española de Veracruz-proyect.jpg','Enero 2013','2020-08-25 14:44:16','2020-08-25 14:44:25'),(16,'Endohospital Piedras Negras','endohospital-piedras-negras','Puertas Automáticas de Veracruz es hoy la mejor\r\nopción para nuevos proyectos o remodelación de\r\nHospitales o clínicas que requieren el mejor y mas\r\nrentable equipo para garantizar el trafico y la\r\noperación más segura para su proyecto.',3,NULL,NULL,'img/brand/Endohospital Piedras Negras-proyect.jpg','Enero 2013','2020-08-25 14:45:52','2020-08-25 14:46:02'),(17,'Hospital Pediátrico de Veracruz','hospital-pediátrico-de-veracruz','Puertas Automáticas de Veracruz es hoy la mejor\r\nopción para nuevos proyectos o remodelación de\r\nHospitales o clínicas que requieren el mejor y mas\r\nrentable equipo para garantizar el trafico y la\r\noperación más segura para su proyecto.',3,NULL,NULL,'img/brand/Hospital Pediátrico de Veracruz-proyect.jpg','Marzo 2015','2020-08-25 14:46:42','2020-08-25 14:46:52'),(18,'Hospiten Los Cabos','hospiten-los-cabos','Puertas Automáticas de Veracruz es hoy la mejor\r\nopción para nuevos proyectos o remodelación de\r\nHospitales o clínicas que requieren el mejor y mas\r\nrentable equipo para garantizar el trafico y la\r\noperación más segura para su proyecto.',3,NULL,NULL,'img/brand/Hospiten Los Cabos-proyect.jpg','Febrero 2014','2020-08-25 14:48:31','2020-08-25 14:48:40'),(19,'Best Western Boca del Río','best-western-boca-del-río','Puertas Automáticas de Veracruz es sin duda\r\npara este sector hotelero la mejor opción, pues\r\nsoluciona de manera integral cualquier acceso\r\nque se requiera controlar en la propiedad, dando\r\nlas soluciones más completas, seguras y\r\nfuncionales para cada Huésped o visitante\r\ndejando una experiencia satisfactoria y de\r\nconfort.',4,NULL,NULL,'img/brand/Best Western Boca del Río-proyect.jpg','Marzo 2015','2020-08-25 14:49:21','2020-08-25 14:57:23'),(20,'City Express Veracruz','city-express-veracruz','Puertas Automáticas de Veracruz es sin duda\r\npara este sector hotelero la mejor opción, pues\r\nsoluciona de manera integral cualquier acceso\r\nque se requiera controlar en la propiedad, dando\r\nlas soluciones más completas, seguras y\r\nfuncionales para cada Huésped o visitante\r\ndejando una experiencia satisfactoria y de\r\nconfort.',4,NULL,NULL,'img/brand/City Express Veracruz-proyect.jpg','Febrero 2014','2020-08-25 14:57:51','2020-08-25 14:57:57'),(21,'Comfort Inn Veracruz','comfort-inn-veracruz','Puertas Automáticas de Veracruz es sin duda\r\npara este sector hotelero la mejor opción, pues\r\nsoluciona de manera integral cualquier acceso\r\nque se requiera controlar en la propiedad, dando\r\nlas soluciones más completas, seguras y\r\nfuncionales para cada Huésped o visitante\r\ndejando una experiencia satisfactoria y de\r\nconfort.',4,NULL,NULL,'img/brand/Comfort Inn Veracruz-proyect.jpg','Marzo 2015','2020-08-25 14:58:18','2020-08-25 14:58:24'),(22,'Hotel Fiesta Americana Veracruz','hotel-fiesta-americana-veracruz','Puertas Automáticas de Veracruz es sin duda\r\npara este sector hotelero la mejor opción, pues\r\nsoluciona de manera integral cualquier acceso\r\nque se requiera controlar en la propiedad, dando\r\nlas soluciones más completas, seguras y\r\nfuncionales para cada Huésped o visitante\r\ndejando una experiencia satisfactoria y de\r\nconfort.',4,NULL,NULL,'img/brand/Hotel Fiesta Americana Veracruz-proyect.jpg','Febrero 2014','2020-08-25 14:58:48','2020-08-25 14:58:56'),(23,'Hotel Melia Cancún','hotel-melia-cancún','Puertas Automáticas de Veracruz es sin duda\r\npara este sector hotelero la mejor opción, pues\r\nsoluciona de manera integral cualquier acceso\r\nque se requiera controlar en la propiedad, dando\r\nlas soluciones más completas, seguras y\r\nfuncionales para cada Huésped o visitante\r\ndejando una experiencia satisfactoria y de\r\nconfort.',4,NULL,NULL,'img/brand/Hotel Melia Cancún-proyect.jpg','Marzo 2015','2020-08-25 14:59:18','2020-08-25 14:59:24'),(24,'Hotel Villa Florida Puebla','hotel-villa-florida-puebla','Puertas Automáticas de Veracruz es sin duda\r\npara este sector hotelero la mejor opción, pues\r\nsoluciona de manera integral cualquier acceso\r\nque se requiera controlar en la propiedad, dando\r\nlas soluciones más completas, seguras y\r\nfuncionales para cada Huésped o visitante\r\ndejando una experiencia satisfactoria y de\r\nconfort.',4,NULL,NULL,'img/brand/Hotel Villa Florida Puebla-proyect.jpg','Marzo 2015','2020-08-25 15:00:08','2020-08-25 15:00:14'),(25,'Hoteles Encore','hoteles-encore','Puertas Automáticas de Veracruz es sin duda\r\npara este sector hotelero la mejor opción, pues\r\nsoluciona de manera integral cualquier acceso\r\nque se requiera controlar en la propiedad, dando\r\nlas soluciones más completas, seguras y\r\nfuncionales para cada Huésped o visitante\r\ndejando una experiencia satisfactoria y de\r\nconfort.',4,NULL,NULL,'img/brand/Hoteles Encore-proyect.jpg','Febrero 2014','2020-08-25 15:00:39','2020-08-25 15:00:45'),(26,'Hoteles Microtel Inn & Suites','hoteles-microtel-inn-&-suites','Puertas Automáticas de Veracruz es sin duda\r\npara este sector hotelero la mejor opción, pues\r\nsoluciona de manera integral cualquier acceso\r\nque se requiera controlar en la propiedad, dando\r\nlas soluciones más completas, seguras y\r\nfuncionales para cada Huésped o visitante\r\ndejando una experiencia satisfactoria y de\r\nconfort.',4,NULL,NULL,'img/brand/Hoteles Microtel Inn & Suites-proyect.jpg','Enero 2013','2020-08-25 15:01:05','2020-08-25 15:01:11'),(27,'Allgaier Group Puebla','allgaier-group-puebla','Puertas Automáticas de Veracruz se distingue\r\npor ser una empresa profesional y muy\r\ncompetitiva en el mercado, con una gama amplia\r\nde productos y servicios para la todo tipo de\r\nIndustria, dejando siempre satisfechos a nuestros\r\nclientes por nuestra calidad y servicio que nos\r\ndistingue.',6,NULL,NULL,'img/brand/Allgaier Group Puebla-proyect.jpg','Mayo 2020','2020-08-25 15:06:32','2020-08-25 15:06:41'),(28,'Bachoco Coatzacoalcos','bachoco-coatzacoalcos','Puertas Automáticas de Veracruz se distingue\r\npor ser una empresa profesional y muy\r\ncompetitiva en el mercado, con una gama amplia\r\nde productos y servicios para la todo tipo de\r\nIndustria, dejando siempre satisfechos a nuestros\r\nclientes por nuestra calidad y servicio que nos\r\ndistingue.',6,NULL,NULL,'img/brand/Bachoco Coatzacoalcos-proyect.jpg','Junio 2019','2020-08-25 15:07:03','2020-08-25 15:07:09'),(29,'Bodega Barcel','bodega-barcel','Puertas Automáticas de Veracruz se distingue\r\npor ser una empresa profesional y muy\r\ncompetitiva en el mercado, con una gama amplia\r\nde productos y servicios para la todo tipo de\r\nIndustria, dejando siempre satisfechos a nuestros\r\nclientes por nuestra calidad y servicio que nos\r\ndistingue.',6,NULL,NULL,'img/brand/Bodega Barcel-proyect.jpg','Febrero 2014','2020-08-25 15:07:28','2020-08-25 15:07:36'),(30,'Planta Bimbo Veracruz','planta-bimbo-veracruz','Puertas Automáticas de Veracruz se distingue\r\npor ser una empresa profesional y muy\r\ncompetitiva en el mercado, con una gama amplia\r\nde productos y servicios para la todo tipo de\r\nIndustria, dejando siempre satisfechos a nuestros\r\nclientes por nuestra calidad y servicio que nos\r\ndistingue.',6,NULL,NULL,'img/brand/Planta Bimbo Veracruz-proyect.jpg','Enero 2013','2020-08-25 15:07:57','2020-08-25 15:08:05'),(31,'CEDIS Champlitte','cedis-champlitte','Puertas Automáticas de Veracruz se distingue\r\npor ser una empresa profesional y muy\r\ncompetitiva en el mercado, con una gama amplia\r\nde productos y servicios para la todo tipo de\r\nIndustria, dejando siempre satisfechos a nuestros\r\nclientes por nuestra calidad y servicio que nos\r\ndistingue.',6,NULL,NULL,'img/brand/CEDIS Champlitte-proyect.jpg','Marzo 2015','2020-08-25 15:08:34','2020-08-25 15:08:41'),(32,'CEDIS Chapur','cedis-chapur','Puertas Automáticas de Veracruz se distingue\r\npor ser una empresa profesional y muy\r\ncompetitiva en el mercado, con una gama amplia\r\nde productos y servicios para la todo tipo de\r\nIndustria, dejando siempre satisfechos a nuestros\r\nclientes por nuestra calidad y servicio que nos\r\ndistingue.',6,NULL,NULL,'img/brand/CEDIS Chapur-proyect.jpg','Mayo 2020','2020-08-25 15:09:04','2020-08-25 15:09:12'),(33,'CEDIS Pollo Tehuacán','cedis-pollo-tehuacán','Puertas Automáticas de Veracruz se distingue\r\npor ser una empresa profesional y muy\r\ncompetitiva en el mercado, con una gama amplia\r\nde productos y servicios para la todo tipo de\r\nIndustria, dejando siempre satisfechos a nuestros\r\nclientes por nuestra calidad y servicio que nos\r\ndistingue.',6,NULL,NULL,'img/brand/CEDIS Pollo Tehuacán-proyect.jpg','Junio 2019','2020-08-25 15:09:35','2020-08-25 15:09:44'),(34,'CEDIS Walmart Tella','cedis-walmart-tella','Puertas Automáticas de Veracruz se distingue\r\npor ser una empresa profesional y muy\r\ncompetitiva en el mercado, con una gama amplia\r\nde productos y servicios para la todo tipo de\r\nIndustria, dejando siempre satisfechos a nuestros\r\nclientes por nuestra calidad y servicio que nos\r\ndistingue.',6,NULL,NULL,'img/brand/CEDIS Walmart Tella-proyect.jpg','Febrero 2014','2020-08-25 15:10:07','2020-08-25 15:10:17'),(35,'Chrysler','chrysler','Puertas Automáticas de Veracruz se distingue\r\npor ser una empresa profesional y muy\r\ncompetitiva en el mercado, con una gama amplia\r\nde productos y servicios para la todo tipo de\r\nIndustria, dejando siempre satisfechos a nuestros\r\nclientes por nuestra calidad y servicio que nos\r\ndistingue.',6,NULL,NULL,'img/brand/Chrysler-proyect.jpg','Marzo 2015','2020-08-25 15:10:37','2020-08-25 15:10:44'),(36,'CICE Veracruz','cice-veracruz','Puertas Automáticas de Veracruz se distingue\r\npor ser una empresa profesional y muy\r\ncompetitiva en el mercado, con una gama amplia\r\nde productos y servicios para la todo tipo de\r\nIndustria, dejando siempre satisfechos a nuestros\r\nclientes por nuestra calidad y servicio que nos\r\ndistingue.',6,NULL,NULL,'img/brand/CICE Veracruz-proyect.jpg','Mayo 2020','2020-08-25 15:11:46','2020-08-25 15:11:54'),(37,'Empacadora de carne','empacadora-de-carne','Puertas Automáticas de Veracruz se distingue\r\npor ser una empresa profesional y muy\r\ncompetitiva en el mercado, con una gama amplia\r\nde productos y servicios para la todo tipo de\r\nIndustria, dejando siempre satisfechos a nuestros\r\nclientes por nuestra calidad y servicio que nos\r\ndistingue.',6,NULL,NULL,'img/brand/Empacadora de carne-proyect.jpg','Junio 2019','2020-08-25 15:12:15','2020-08-25 15:12:26'),(38,'Faurecia México','faurecia-méxico','Puertas Automáticas de Veracruz se distingue\r\npor ser una empresa profesional y muy\r\ncompetitiva en el mercado, con una gama amplia\r\nde productos y servicios para la todo tipo de\r\nIndustria, dejando siempre satisfechos a nuestros\r\nclientes por nuestra calidad y servicio que nos\r\ndistingue.',6,NULL,NULL,'img/brand/Faurecia México-proyect.jpg','Junio 2016','2020-08-25 15:12:47','2020-08-25 15:12:55'),(39,'Genie de México Puebla','genie-de-méxico-puebla','Puertas Automáticas de Veracruz se distingue\r\npor ser una empresa profesional y muy\r\ncompetitiva en el mercado, con una gama amplia\r\nde productos y servicios para la todo tipo de\r\nIndustria, dejando siempre satisfechos a nuestros\r\nclientes por nuestra calidad y servicio que nos\r\ndistingue.',6,NULL,NULL,'img/brand/Genie de México Puebla-proyect.jpg','Febrero 2014','2020-08-25 15:13:13','2020-08-25 15:13:21'),(40,'Heineken Chihuahua','heineken-chihuahua','Puertas Automáticas de Veracruz se distingue\r\npor ser una empresa profesional y muy\r\ncompetitiva en el mercado, con una gama amplia\r\nde productos y servicios para la todo tipo de\r\nIndustria, dejando siempre satisfechos a nuestros\r\nclientes por nuestra calidad y servicio que nos\r\ndistingue.',6,NULL,NULL,'img/brand/Heineken Chihuahua-proyect.jpg','Marzo 2015','2020-08-25 15:13:43','2020-08-25 15:13:50'),(41,'Mr. Egg','mr.-egg','Puertas Automáticas de Veracruz se distingue\r\npor ser una empresa profesional y muy\r\ncompetitiva en el mercado, con una gama amplia\r\nde productos y servicios para la todo tipo de\r\nIndustria, dejando siempre satisfechos a nuestros\r\nclientes por nuestra calidad y servicio que nos\r\ndistingue.',6,NULL,NULL,'img/brand/Mr. Egg-proyect.jpg','Mayo 2020','2020-08-25 15:14:12','2020-08-25 15:14:19'),(42,'Parkdale','parkdale','Puertas Automáticas de Veracruz se distingue\r\npor ser una empresa profesional y muy\r\ncompetitiva en el mercado, con una gama amplia\r\nde productos y servicios para la todo tipo de\r\nIndustria, dejando siempre satisfechos a nuestros\r\nclientes por nuestra calidad y servicio que nos\r\ndistingue.',6,NULL,NULL,'img/brand/Parkdale-proyect.jpg','Junio 2019','2020-08-25 15:18:53','2020-08-25 15:18:59'),(43,'Piñas Isla Veracruz','piñas-isla-veracruz','Puertas Automáticas de Veracruz se distingue\r\npor ser una empresa profesional y muy\r\ncompetitiva en el mercado, con una gama amplia\r\nde productos y servicios para la todo tipo de\r\nIndustria, dejando siempre satisfechos a nuestros\r\nclientes por nuestra calidad y servicio que nos\r\ndistingue.',6,NULL,NULL,'img/brand/Piñas Isla Veracruz-proyect.jpg','Marzo 2015','2020-08-25 15:19:22','2020-08-25 15:19:30'),(44,'Providencia','providencia','Puertas Automáticas de Veracruz se distingue\r\npor ser una empresa profesional y muy\r\ncompetitiva en el mercado, con una gama amplia\r\nde productos y servicios para la todo tipo de\r\nIndustria, dejando siempre satisfechos a nuestros\r\nclientes por nuestra calidad y servicio que nos\r\ndistingue.',6,NULL,NULL,'img/brand/Providencia-proyect.jpg','Febrero 2014','2020-08-25 15:19:51','2020-08-25 15:19:57'),(45,'Puerto Frio','puerto-frio','Puertas Automáticas de Veracruz se distingue\r\npor ser una empresa profesional y muy\r\ncompetitiva en el mercado, con una gama amplia\r\nde productos y servicios para la todo tipo de\r\nIndustria, dejando siempre satisfechos a nuestros\r\nclientes por nuestra calidad y servicio que nos\r\ndistingue.',6,NULL,NULL,'img/brand/Puerto Frio-proyect.jpg','Enero 2013','2020-08-25 15:20:19','2020-08-25 15:20:25'),(46,'Refrigerados Tijuana','refrigerados-tijuana','Puertas Automáticas de Veracruz se distingue\r\npor ser una empresa profesional y muy\r\ncompetitiva en el mercado, con una gama amplia\r\nde productos y servicios para la todo tipo de\r\nIndustria, dejando siempre satisfechos a nuestros\r\nclientes por nuestra calidad y servicio que nos\r\ndistingue.',6,NULL,NULL,'img/brand/Refrigerados Tijuana-proyect.jpg','Enero 2013','2020-08-25 15:20:47','2020-08-25 15:20:56'),(47,'VETROMEX','vetromex','Puertas Automáticas de Veracruz se distingue\r\npor ser una empresa profesional y muy\r\ncompetitiva en el mercado, con una gama amplia\r\nde productos y servicios para la todo tipo de\r\nIndustria, dejando siempre satisfechos a nuestros\r\nclientes por nuestra calidad y servicio que nos\r\ndistingue.',6,NULL,NULL,'img/brand/VETROMEX-proyect.jpg','Junio 2016','2020-08-25 15:21:17','2020-08-25 15:21:25'),(48,'VISTEON Chihuahua','visteon-chihuahua','Puertas Automáticas de Veracruz se distingue\r\npor ser una empresa profesional y muy\r\ncompetitiva en el mercado, con una gama amplia\r\nde productos y servicios para la todo tipo de\r\nIndustria, dejando siempre satisfechos a nuestros\r\nclientes por nuestra calidad y servicio que nos\r\ndistingue.',6,NULL,NULL,'img/brand/VISTEON Chihuahua-proyect.jpg','Mayo 2020','2020-08-25 15:21:50','2020-08-25 15:21:55');
/*!40000 ALTER TABLE `proyects` ENABLE KEYS */;
UNLOCK TABLES;

--
-- Table structure for table `role_has_permissions`
--

DROP TABLE IF EXISTS `role_has_permissions`;
/*!40101 SET @saved_cs_client     = @@character_set_client */;
/*!40101 SET character_set_client = utf8 */;
CREATE TABLE `role_has_permissions` (
  `permission_id` int(10) unsigned NOT NULL,
  `role_id` int(10) unsigned NOT NULL,
  PRIMARY KEY (`permission_id`,`role_id`) USING BTREE,
  KEY `role_has_permissions_role_id_foreign` (`role_id`) USING BTREE,
  CONSTRAINT `role_has_permissions_permission_id_foreign` FOREIGN KEY (`permission_id`) REFERENCES `permissions` (`id`) ON DELETE CASCADE,
  CONSTRAINT `role_has_permissions_role_id_foreign` FOREIGN KEY (`role_id`) REFERENCES `roles` (`id`) ON DELETE CASCADE
) ENGINE=InnoDB DEFAULT CHARSET=utf8mb4 COLLATE=utf8mb4_unicode_ci ROW_FORMAT=DYNAMIC;
/*!40101 SET character_set_client = @saved_cs_client */;

--
-- Dumping data for table `role_has_permissions`
--

LOCK TABLES `role_has_permissions` WRITE;
/*!40000 ALTER TABLE `role_has_permissions` DISABLE KEYS */;
/*!40000 ALTER TABLE `role_has_permissions` ENABLE KEYS */;
UNLOCK TABLES;

--
-- Table structure for table `roles`
--

DROP TABLE IF EXISTS `roles`;
/*!40101 SET @saved_cs_client     = @@character_set_client */;
/*!40101 SET character_set_client = utf8 */;
CREATE TABLE `roles` (
  `id` int(10) unsigned NOT NULL AUTO_INCREMENT,
  `name` varchar(191) COLLATE utf8mb4_unicode_ci NOT NULL,
  `guard_name` varchar(191) COLLATE utf8mb4_unicode_ci NOT NULL,
  `created_at` timestamp NULL DEFAULT NULL,
  `updated_at` timestamp NULL DEFAULT NULL,
  PRIMARY KEY (`id`) USING BTREE
) ENGINE=InnoDB DEFAULT CHARSET=utf8mb4 COLLATE=utf8mb4_unicode_ci ROW_FORMAT=DYNAMIC;
/*!40101 SET character_set_client = @saved_cs_client */;

--
-- Dumping data for table `roles`
--

LOCK TABLES `roles` WRITE;
/*!40000 ALTER TABLE `roles` DISABLE KEYS */;
/*!40000 ALTER TABLE `roles` ENABLE KEYS */;
UNLOCK TABLES;

--
-- Table structure for table `stores`
--

DROP TABLE IF EXISTS `stores`;
/*!40101 SET @saved_cs_client     = @@character_set_client */;
/*!40101 SET character_set_client = utf8 */;
CREATE TABLE `stores` (
  `id` int(10) unsigned NOT NULL AUTO_INCREMENT,
  `display_name` varchar(191) COLLATE utf8mb4_unicode_ci NOT NULL,
  `name` varchar(191) COLLATE utf8mb4_unicode_ci NOT NULL,
  `calle` varchar(191) COLLATE utf8mb4_unicode_ci DEFAULT NULL,
  `colonia` varchar(191) COLLATE utf8mb4_unicode_ci DEFAULT NULL,
  `estado` varchar(191) COLLATE utf8mb4_unicode_ci DEFAULT NULL,
  `codigo_postal` varchar(191) COLLATE utf8mb4_unicode_ci DEFAULT NULL,
  `telefono` varchar(191) COLLATE utf8mb4_unicode_ci DEFAULT NULL,
  `lat` varchar(191) COLLATE utf8mb4_unicode_ci DEFAULT NULL,
  `lng` varchar(191) COLLATE utf8mb4_unicode_ci DEFAULT NULL,
  `iframe` longtext COLLATE utf8mb4_unicode_ci,
  `zone_id` int(10) unsigned DEFAULT NULL,
  `created_at` timestamp NULL DEFAULT NULL,
  `updated_at` timestamp NULL DEFAULT NULL,
  PRIMARY KEY (`id`) USING BTREE,
  UNIQUE KEY `stores_name_unique` (`name`) USING BTREE,
  KEY `stores_zone_id_foreign` (`zone_id`) USING BTREE,
  CONSTRAINT `stores_zone_id_foreign` FOREIGN KEY (`zone_id`) REFERENCES `zones` (`id`) ON DELETE CASCADE
) ENGINE=InnoDB DEFAULT CHARSET=utf8mb4 COLLATE=utf8mb4_unicode_ci ROW_FORMAT=DYNAMIC;
/*!40101 SET character_set_client = @saved_cs_client */;

--
-- Dumping data for table `stores`
--

LOCK TABLES `stores` WRITE;
/*!40000 ALTER TABLE `stores` DISABLE KEYS */;
/*!40000 ALTER TABLE `stores` ENABLE KEYS */;
UNLOCK TABLES;

--
-- Table structure for table `subscribers`
--

DROP TABLE IF EXISTS `subscribers`;
/*!40101 SET @saved_cs_client     = @@character_set_client */;
/*!40101 SET character_set_client = utf8 */;
CREATE TABLE `subscribers` (
  `id` int(10) unsigned NOT NULL AUTO_INCREMENT,
  `name` varchar(191) COLLATE utf8mb4_unicode_ci DEFAULT NULL,
  `email` varchar(191) COLLATE utf8mb4_unicode_ci NOT NULL,
  `phone` varchar(191) COLLATE utf8mb4_unicode_ci NOT NULL,
  `cel` varchar(191) COLLATE utf8mb4_unicode_ci DEFAULT NULL,
  `created_at` timestamp NULL DEFAULT NULL,
  `updated_at` timestamp NULL DEFAULT NULL,
  PRIMARY KEY (`id`) USING BTREE,
  UNIQUE KEY `subscribers_email_unique` (`email`) USING BTREE
) ENGINE=InnoDB DEFAULT CHARSET=utf8mb4 COLLATE=utf8mb4_unicode_ci ROW_FORMAT=DYNAMIC;
/*!40101 SET character_set_client = @saved_cs_client */;

--
-- Dumping data for table `subscribers`
--

LOCK TABLES `subscribers` WRITE;
/*!40000 ALTER TABLE `subscribers` DISABLE KEYS */;
/*!40000 ALTER TABLE `subscribers` ENABLE KEYS */;
UNLOCK TABLES;

--
-- Table structure for table `tags`
--

DROP TABLE IF EXISTS `tags`;
/*!40101 SET @saved_cs_client     = @@character_set_client */;
/*!40101 SET character_set_client = utf8 */;
CREATE TABLE `tags` (
  `id` int(10) unsigned NOT NULL AUTO_INCREMENT,
  `name` varchar(191) COLLATE utf8mb4_unicode_ci DEFAULT NULL,
  `display_name` varchar(191) COLLATE utf8mb4_unicode_ci DEFAULT NULL,
  `description` varchar(191) COLLATE utf8mb4_unicode_ci DEFAULT NULL,
  `img_path` varchar(191) COLLATE utf8mb4_unicode_ci DEFAULT NULL,
  `created_at` timestamp NULL DEFAULT NULL,
  `updated_at` timestamp NULL DEFAULT NULL,
  PRIMARY KEY (`id`) USING BTREE
) ENGINE=InnoDB AUTO_INCREMENT=11 DEFAULT CHARSET=utf8mb4 COLLATE=utf8mb4_unicode_ci ROW_FORMAT=DYNAMIC;
/*!40101 SET character_set_client = @saved_cs_client */;

--
-- Dumping data for table `tags`
--

LOCK TABLES `tags` WRITE;
/*!40000 ALTER TABLE `tags` DISABLE KEYS */;
INSERT INTO `tags` VALUES (1,'harum','harum','Nulla aliquam sit et et debitis dolorem.',NULL,'2020-08-12 18:12:37','2020-08-12 18:12:37'),(2,'incidunt','incidunt','Nulla ut est praesentium tenetur dolorem quis debitis.',NULL,'2020-08-12 18:12:37','2020-08-12 18:12:37'),(3,'explicabo','explicabo','Et sint autem repellat.',NULL,'2020-08-12 18:12:37','2020-08-12 18:12:37'),(4,'eum','eum','Voluptas expedita et repudiandae architecto.',NULL,'2020-08-12 18:12:37','2020-08-12 18:12:37'),(5,'sunt','sunt','Quis aliquam repellendus perferendis fugit voluptatum impedit ullam officia.',NULL,'2020-08-12 18:12:37','2020-08-12 18:12:37'),(6,'suscipit','suscipit','Quae sed eius ipsum autem placeat occaecati.',NULL,'2020-08-12 18:12:37','2020-08-12 18:12:37'),(7,'reiciendis','reiciendis','Et a accusantium quisquam magnam repellendus nesciunt.',NULL,'2020-08-12 18:12:37','2020-08-12 18:12:37'),(8,'qui','qui','Qui non sit sunt deserunt quam.',NULL,'2020-08-12 18:12:37','2020-08-12 18:12:37'),(9,'sunt','sunt','Voluptas voluptatem amet vel tenetur ratione non.',NULL,'2020-08-12 18:12:37','2020-08-12 18:12:37'),(10,'rem','rem','Qui voluptatibus veritatis vitae.',NULL,'2020-08-12 18:12:37','2020-08-12 18:12:37');
/*!40000 ALTER TABLE `tags` ENABLE KEYS */;
UNLOCK TABLES;

--
-- Table structure for table `users`
--

DROP TABLE IF EXISTS `users`;
/*!40101 SET @saved_cs_client     = @@character_set_client */;
/*!40101 SET character_set_client = utf8 */;
CREATE TABLE `users` (
  `id` int(10) unsigned NOT NULL AUTO_INCREMENT,
  `name` varchar(191) COLLATE utf8mb4_unicode_ci NOT NULL,
  `email` varchar(191) COLLATE utf8mb4_unicode_ci NOT NULL,
  `password` varchar(191) COLLATE utf8mb4_unicode_ci NOT NULL,
  `remember_token` varchar(100) COLLATE utf8mb4_unicode_ci DEFAULT NULL,
  `created_at` timestamp NULL DEFAULT NULL,
  `updated_at` timestamp NULL DEFAULT NULL,
  PRIMARY KEY (`id`) USING BTREE,
  UNIQUE KEY `users_email_unique` (`email`) USING BTREE
) ENGINE=InnoDB AUTO_INCREMENT=4 DEFAULT CHARSET=utf8mb4 COLLATE=utf8mb4_unicode_ci ROW_FORMAT=DYNAMIC;
/*!40101 SET character_set_client = @saved_cs_client */;

--
-- Dumping data for table `users`
--

LOCK TABLES `users` WRITE;
/*!40000 ALTER TABLE `users` DISABLE KEYS */;
INSERT INTO `users` VALUES (1,'Arturo Rosales','arispero0990@gmail.com','$2y$10$Pn/htAo/EKXQXxJuhZv2Ke4xNIrxe0Egb5ArCOja0ozeWMcr1sFu2','TzasDAcwURg1kERXCCYKDg0bA5DWML3BApj0zk7Arfgx3yX0lIdGy6d4945F',NULL,NULL),(2,'Fernanda','ferdu_12@hotmail.com','$2y$10$CPhB74nM28jbHGr1ogXTZeUfad8bStOK7FlKsuGmIsFLXDT5ooSh6','mzwjES2KDMtKrhPy9fcoqSQUYJn8NsaKgi0H8PaOovzwqvOvJW5CI8HyO6L6','2020-08-22 16:41:03','2020-08-22 16:41:03'),(3,'Octavio','octavio.hidalgor@puertasveracruz.com','$2y$10$npJF8rl2uMG/YENwRK6LLOcDNsyNJk8cQV/oH53PhJxeNI/Im9.He','oBDm9iFGlkNiZDhgO2LtsBN0lgu3BeQLUXwe9eTeHKQ531qynfrwcqHE2WIU','2020-08-28 18:49:44','2020-08-28 18:49:44');
/*!40000 ALTER TABLE `users` ENABLE KEYS */;
UNLOCK TABLES;

--
-- Table structure for table `zones`
--

DROP TABLE IF EXISTS `zones`;
/*!40101 SET @saved_cs_client     = @@character_set_client */;
/*!40101 SET character_set_client = utf8 */;
CREATE TABLE `zones` (
  `id` int(10) unsigned NOT NULL AUTO_INCREMENT,
  `name` varchar(191) COLLATE utf8mb4_unicode_ci DEFAULT NULL,
  `display_name` varchar(191) COLLATE utf8mb4_unicode_ci DEFAULT NULL,
  `description` varchar(191) COLLATE utf8mb4_unicode_ci DEFAULT NULL,
  `img_path` varchar(191) COLLATE utf8mb4_unicode_ci DEFAULT NULL,
  `icon_path` varchar(191) COLLATE utf8mb4_unicode_ci DEFAULT NULL,
  `created_at` timestamp NULL DEFAULT NULL,
  `updated_at` timestamp NULL DEFAULT NULL,
  PRIMARY KEY (`id`) USING BTREE
) ENGINE=InnoDB DEFAULT CHARSET=utf8mb4 COLLATE=utf8mb4_unicode_ci ROW_FORMAT=DYNAMIC;
/*!40101 SET character_set_client = @saved_cs_client */;

--
-- Dumping data for table `zones`
--

LOCK TABLES `zones` WRITE;
/*!40000 ALTER TABLE `zones` DISABLE KEYS */;
/*!40000 ALTER TABLE `zones` ENABLE KEYS */;
UNLOCK TABLES;
/*!40103 SET TIME_ZONE=@OLD_TIME_ZONE */;

/*!40101 SET SQL_MODE=@OLD_SQL_MODE */;
/*!40014 SET FOREIGN_KEY_CHECKS=@OLD_FOREIGN_KEY_CHECKS */;
/*!40014 SET UNIQUE_CHECKS=@OLD_UNIQUE_CHECKS */;
/*!40101 SET CHARACTER_SET_CLIENT=@OLD_CHARACTER_SET_CLIENT */;
/*!40101 SET CHARACTER_SET_RESULTS=@OLD_CHARACTER_SET_RESULTS */;
/*!40101 SET COLLATION_CONNECTION=@OLD_COLLATION_CONNECTION */;
/*!40111 SET SQL_NOTES=@OLD_SQL_NOTES */;

-- Dump completed on 2021-01-06 20:16:53

